-- phpMyAdmin SQL Dump
-- version 3.5.1
-- http://www.phpmyadmin.net
--
-- Host: localhost
-- Generation Time: Dec 08, 2012 at 07:14 AM
-- Server version: 5.5.25
-- PHP Version: 5.4.4

SET SQL_MODE="NO_AUTO_VALUE_ON_ZERO";
SET time_zone = "+00:00";


/*!40101 SET @OLD_CHARACTER_SET_CLIENT=@@CHARACTER_SET_CLIENT */;
/*!40101 SET @OLD_CHARACTER_SET_RESULTS=@@CHARACTER_SET_RESULTS */;
/*!40101 SET @OLD_COLLATION_CONNECTION=@@COLLATION_CONNECTION */;
/*!40101 SET NAMES utf8 */;

--
-- Database: `appstore`
--

-- --------------------------------------------------------

--
-- Table structure for table `app`
--

CREATE TABLE IF NOT EXISTS `app` (
  `id` int(10) unsigned NOT NULL AUTO_INCREMENT,
  `app_id` int(10) unsigned NOT NULL DEFAULT '0',
  `all_rank_paid` smallint(6) unsigned DEFAULT '0',
  `all_rank_free` smallint(5) unsigned DEFAULT '0',
  `all_rank_new_paid` smallint(5) unsigned DEFAULT '0',
  `all_rank_new_free` smallint(5) unsigned DEFAULT '0',
  `all_rank_grossing` smallint(5) unsigned DEFAULT '0',
  `all_game_paid` smallint(5) DEFAULT '0',
  `all_game_free` smallint(5) DEFAULT '0',
  `all_game_new_free` smallint(5) DEFAULT '0',
  `all_game_new_paid` smallint(5) DEFAULT '0',
  `all_game_grossing` smallint(5) DEFAULT '0',
  `category1_rank_paid` smallint(6) unsigned DEFAULT '0',
  `category2_rank_paid` smallint(5) unsigned DEFAULT '0',
  `category3_rank_paid` smallint(5) unsigned DEFAULT '0',
  `category4_rank_paid` smallint(5) unsigned DEFAULT '0',
  `category5_rank_paid` smallint(5) unsigned DEFAULT '0',
  `category6_rank_paid` smallint(5) unsigned DEFAULT '0',
  `category1_rank_free` smallint(5) unsigned DEFAULT '0',
  `category2_rank_free` smallint(5) unsigned DEFAULT '0',
  `category3_rank_free` smallint(5) unsigned DEFAULT '0',
  `category4_rank_free` smallint(5) unsigned DEFAULT '0',
  `category5_rank_free` smallint(5) unsigned DEFAULT '0',
  `category6_rank_free` smallint(5) unsigned DEFAULT '0',
  `category1_rank_new_paid` smallint(5) unsigned DEFAULT '0',
  `category2_rank_new_paid` smallint(5) unsigned DEFAULT '0',
  `category3_rank_new_paid` smallint(5) unsigned DEFAULT '0',
  `category4_rank_new_paid` smallint(5) unsigned DEFAULT '0',
  `category5_rank_new_paid` smallint(5) unsigned DEFAULT '0',
  `category6_rank_new_paid` smallint(5) unsigned DEFAULT '0',
  `category1_rank_new_free` smallint(5) unsigned DEFAULT '0',
  `category2_rank_new_free` smallint(5) unsigned DEFAULT '0',
  `category3_rank_new_free` smallint(5) unsigned DEFAULT '0',
  `category4_rank_new_free` smallint(5) unsigned DEFAULT '0',
  `category5_rank_new_free` smallint(5) unsigned DEFAULT '0',
  `category6_rank_new_free` smallint(5) unsigned DEFAULT '0',
  `category1_rank_grossing` smallint(5) unsigned DEFAULT '0',
  `category2_rank_grossing` smallint(5) unsigned DEFAULT '0',
  `category3_rank_grossing` smallint(5) unsigned DEFAULT '0',
  `category4_rank_grossing` smallint(5) unsigned DEFAULT '0',
  `category5_rank_grossing` smallint(5) unsigned DEFAULT '0',
  `category6_rank_grossing` smallint(5) unsigned DEFAULT '0',
  `install_count` int(10) unsigned DEFAULT '0',
  `insert_date` datetime DEFAULT NULL,
  `update_date` datetime DEFAULT NULL,
  `delete_date` datetime DEFAULT NULL,
  `delete_flag` tinyint(3) unsigned DEFAULT '0',
  `seq_no` tinyint(4) DEFAULT NULL,
  PRIMARY KEY (`id`),
  KEY `index` (`app_id`,`all_rank_paid`,`category1_rank_paid`)
) ENGINE=InnoDB  DEFAULT CHARSET=utf8;

--
-- Dumping data for table `app`
--

INSERT INTO `app` (`id`, `app_id`, `all_rank_paid`, `all_rank_free`, `all_rank_new_paid`, `all_rank_new_free`, `all_rank_grossing`, `all_game_paid`, `all_game_free`, `all_game_new_free`, `all_game_new_paid`, `all_game_grossing`, `category1_rank_paid`, `category2_rank_paid`, `category3_rank_paid`, `category4_rank_paid`, `category5_rank_paid`, `category6_rank_paid`, `category1_rank_free`, `category2_rank_free`, `category3_rank_free`, `category4_rank_free`, `category5_rank_free`, `category6_rank_free`, `category1_rank_new_paid`, `category2_rank_new_paid`, `category3_rank_new_paid`, `category4_rank_new_paid`, `category5_rank_new_paid`, `category6_rank_new_paid`, `category1_rank_new_free`, `category2_rank_new_free`, `category3_rank_new_free`, `category4_rank_new_free`, `category5_rank_new_free`, `category6_rank_new_free`, `category1_rank_grossing`, `category2_rank_grossing`, `category3_rank_grossing`, `category4_rank_grossing`, `category5_rank_grossing`, `category6_rank_grossing`, `install_count`, `insert_date`, `update_date`, `delete_date`, `delete_flag`, `seq_no`) VALUES
(70, 23, 0, 149, 0, 0, 3, 0, 0, 0, 0, 0, 0, 0, 0, 0, 0, 0, 64, 0, 0, 0, 0, 0, 0, 0, 0, 0, 0, 0, 0, 0, 0, 0, 0, 0, 3, 0, 0, 0, 0, 0, 0, '2012-12-06 19:00:30', '2012-12-06 19:00:30', NULL, 0, NULL),
(71, 25, 0, 137, 0, 0, 58, 0, 0, 0, 0, 0, 0, 0, 0, 0, 0, 0, 61, 0, 0, 0, 0, 0, 0, 0, 0, 0, 0, 0, 0, 0, 0, 0, 0, 0, 52, 0, 0, 0, 0, 0, 0, '2012-12-06 19:00:33', '2012-12-06 19:00:33', NULL, 0, NULL),
(72, 28, 0, 0, 0, 0, 0, 0, 0, 0, 0, 0, 0, 0, 0, 0, 0, 0, 25, 0, 0, 0, 0, 0, 0, 0, 0, 0, 0, 0, 0, 0, 0, 0, 0, 0, 0, 0, 0, 0, 0, 0, 0, '2012-12-06 19:00:39', '2012-12-06 19:00:39', NULL, 0, NULL),
(73, 30, 0, 265, 0, 0, 0, 0, 0, 0, 0, 0, 0, 0, 0, 0, 0, 0, 87, 0, 0, 0, 0, 0, 0, 0, 0, 0, 0, 0, 0, 0, 0, 0, 0, 0, 0, 0, 0, 0, 0, 0, 0, '2012-12-06 19:00:45', '2012-12-06 19:00:45', NULL, 0, NULL),
(74, 23, 0, 162, 0, 0, 3, 0, 0, 0, 0, 0, 0, 0, 0, 0, 0, 0, 66, 0, 0, 0, 0, 0, 0, 0, 0, 0, 0, 0, 0, 0, 0, 0, 0, 0, 3, 0, 0, 0, 0, 0, 0, '2012-12-06 20:00:48', '2012-12-06 20:00:48', NULL, 0, NULL),
(75, 25, 0, 156, 0, 0, 53, 0, 0, 0, 0, 0, 0, 0, 0, 0, 0, 0, 64, 0, 0, 0, 0, 0, 0, 0, 0, 0, 0, 0, 0, 0, 0, 0, 0, 0, 47, 0, 0, 0, 0, 0, 0, '2012-12-06 20:00:50', '2012-12-06 20:00:50', NULL, 0, NULL),
(76, 28, 0, 0, 0, 0, 0, 0, 0, 0, 0, 0, 0, 0, 0, 0, 0, 0, 25, 0, 0, 0, 0, 0, 0, 0, 0, 0, 0, 0, 0, 0, 0, 0, 0, 0, 0, 0, 0, 0, 0, 0, 0, '2012-12-06 20:01:07', '2012-12-06 20:01:07', NULL, 0, NULL),
(77, 30, 0, 260, 0, 0, 0, 0, 0, 0, 0, 0, 0, 0, 0, 0, 0, 0, 88, 0, 0, 0, 0, 0, 0, 0, 0, 0, 0, 0, 0, 0, 0, 0, 0, 0, 0, 0, 0, 0, 0, 0, 0, '2012-12-06 20:01:16', '2012-12-06 20:01:16', NULL, 0, NULL),
(78, 23, 0, 172, 0, 0, 3, 0, 0, 0, 0, 0, 0, 0, 0, 0, 0, 0, 66, 0, 0, 0, 0, 0, 0, 0, 0, 0, 0, 0, 0, 0, 0, 0, 0, 0, 3, 0, 0, 0, 0, 0, 0, '2012-12-06 21:00:32', '2012-12-06 21:00:32', NULL, 0, NULL),
(79, 25, 0, 179, 0, 0, 53, 0, 0, 0, 0, 0, 0, 0, 0, 0, 0, 0, 64, 0, 0, 0, 0, 0, 0, 0, 0, 0, 0, 0, 0, 0, 0, 0, 0, 0, 47, 0, 0, 0, 0, 0, 0, '2012-12-06 21:00:34', '2012-12-06 21:00:34', NULL, 0, NULL),
(80, 28, 0, 0, 0, 0, 0, 0, 0, 0, 0, 0, 0, 0, 0, 0, 0, 0, 25, 0, 0, 0, 0, 0, 0, 0, 0, 0, 0, 0, 0, 0, 0, 0, 0, 0, 0, 0, 0, 0, 0, 0, 0, '2012-12-06 21:00:44', '2012-12-06 21:00:44', NULL, 0, NULL),
(81, 30, 0, 258, 0, 0, 0, 0, 0, 0, 0, 0, 0, 0, 0, 0, 0, 0, 88, 0, 0, 0, 0, 0, 0, 0, 0, 0, 0, 0, 0, 0, 0, 0, 0, 0, 0, 0, 0, 0, 0, 0, 0, '2012-12-06 21:00:52', '2012-12-06 21:00:52', NULL, 0, NULL),
(82, 23, 0, 203, 0, 0, 2, 0, 0, 0, 0, 0, 0, 0, 0, 0, 0, 0, 71, 0, 0, 0, 0, 0, 0, 0, 0, 0, 0, 0, 0, 0, 0, 0, 0, 0, 2, 0, 0, 0, 0, 0, 0, '2012-12-07 00:00:49', '2012-12-07 00:00:49', NULL, 0, NULL),
(83, 25, 0, 236, 0, 0, 54, 0, 0, 0, 0, 0, 0, 0, 0, 0, 0, 0, 77, 0, 0, 0, 0, 0, 0, 0, 0, 0, 0, 0, 0, 0, 0, 0, 0, 0, 48, 0, 0, 0, 0, 0, 0, '2012-12-07 00:00:53', '2012-12-07 00:00:53', NULL, 0, NULL),
(84, 28, 0, 0, 0, 0, 0, 0, 0, 0, 0, 0, 0, 0, 0, 0, 0, 0, 23, 0, 0, 0, 0, 0, 0, 0, 0, 0, 0, 0, 0, 0, 0, 0, 0, 0, 0, 0, 0, 0, 0, 0, 0, '2012-12-07 00:01:11', '2012-12-07 00:01:11', NULL, 0, NULL),
(85, 30, 0, 253, 0, 0, 0, 0, 0, 0, 0, 0, 0, 0, 0, 0, 0, 0, 84, 0, 0, 0, 0, 0, 0, 0, 0, 0, 0, 0, 0, 0, 0, 0, 0, 0, 0, 0, 0, 0, 0, 0, 0, '2012-12-07 00:01:31', '2012-12-07 00:01:31', NULL, 0, NULL),
(86, 23, 0, 203, 0, 0, 2, 0, 0, 0, 0, 0, 0, 0, 0, 0, 0, 0, 73, 0, 0, 0, 0, 0, 0, 0, 0, 0, 0, 0, 0, 0, 0, 0, 0, 0, 2, 0, 0, 0, 0, 0, 0, '2012-12-07 01:00:29', '2012-12-07 01:00:29', NULL, 0, NULL),
(87, 25, 0, 236, 0, 0, 54, 0, 0, 0, 0, 0, 0, 0, 0, 0, 0, 0, 85, 0, 0, 0, 0, 0, 0, 0, 0, 0, 0, 0, 0, 0, 0, 0, 0, 0, 48, 0, 0, 0, 0, 0, 0, '2012-12-07 01:00:33', '2012-12-07 01:00:33', NULL, 0, NULL),
(88, 28, 0, 0, 0, 0, 0, 0, 0, 0, 0, 0, 0, 0, 0, 0, 0, 0, 23, 0, 0, 0, 0, 0, 0, 0, 0, 0, 0, 0, 0, 0, 0, 0, 0, 0, 0, 0, 0, 0, 0, 0, 0, '2012-12-07 01:00:41', '2012-12-07 01:00:41', NULL, 0, NULL),
(89, 30, 0, 253, 0, 0, 0, 0, 0, 0, 0, 0, 0, 0, 0, 0, 0, 0, 86, 0, 0, 0, 0, 0, 0, 0, 0, 0, 0, 0, 0, 0, 0, 0, 0, 0, 0, 0, 0, 0, 0, 0, 0, '2012-12-07 01:00:53', '2012-12-07 01:00:53', NULL, 0, NULL),
(90, 23, 0, 212, 0, 0, 2, 0, 0, 0, 0, 0, 0, 0, 0, 0, 0, 0, 73, 0, 0, 0, 0, 0, 0, 0, 0, 0, 0, 0, 0, 0, 0, 0, 0, 0, 3, 0, 0, 0, 0, 0, 0, '2012-12-07 02:00:47', '2012-12-07 02:00:47', NULL, 0, NULL),
(91, 25, 0, 254, 0, 0, 53, 0, 0, 0, 0, 0, 0, 0, 0, 0, 0, 0, 85, 0, 0, 0, 0, 0, 0, 0, 0, 0, 0, 0, 0, 0, 0, 0, 0, 0, 48, 0, 0, 0, 0, 0, 0, '2012-12-07 02:00:52', '2012-12-07 02:00:52', NULL, 0, NULL),
(92, 28, 0, 0, 0, 0, 0, 0, 0, 0, 0, 0, 0, 0, 0, 0, 0, 0, 25, 0, 0, 0, 0, 0, 0, 0, 0, 0, 0, 0, 0, 0, 0, 0, 0, 0, 0, 0, 0, 0, 0, 0, 0, '2012-12-07 02:01:17', '2012-12-07 02:01:17', NULL, 0, NULL),
(93, 30, 0, 251, 0, 0, 0, 0, 0, 0, 0, 0, 0, 0, 0, 0, 0, 0, 86, 0, 0, 0, 0, 0, 0, 0, 0, 0, 0, 0, 0, 0, 0, 0, 0, 0, 0, 0, 0, 0, 0, 0, 0, '2012-12-07 02:01:34', '2012-12-07 02:01:34', NULL, 0, NULL),
(94, 23, 0, 221, 0, 0, 3, 0, 0, 0, 0, 0, 0, 0, 0, 0, 0, 0, 75, 0, 0, 0, 0, 0, 0, 0, 0, 0, 0, 0, 0, 0, 0, 0, 0, 0, 3, 0, 0, 0, 0, 0, 0, '2012-12-07 03:00:28', '2012-12-07 03:00:28', NULL, 0, NULL),
(95, 25, 0, 268, 0, 0, 53, 0, 0, 0, 0, 0, 0, 0, 0, 0, 0, 0, 87, 0, 0, 0, 0, 0, 0, 0, 0, 0, 0, 0, 0, 0, 0, 0, 0, 0, 48, 0, 0, 0, 0, 0, 0, '2012-12-07 03:00:33', '2012-12-07 03:00:33', NULL, 0, NULL),
(96, 28, 0, 0, 0, 0, 0, 0, 0, 0, 0, 0, 0, 0, 0, 0, 0, 0, 25, 0, 0, 0, 0, 0, 0, 0, 0, 0, 0, 0, 0, 0, 0, 0, 0, 0, 0, 0, 0, 0, 0, 0, 0, '2012-12-07 03:00:49', '2012-12-07 03:00:49', NULL, 0, NULL),
(97, 30, 0, 256, 0, 0, 0, 0, 0, 0, 0, 0, 0, 0, 0, 0, 0, 0, 85, 0, 0, 0, 0, 0, 0, 0, 0, 0, 0, 0, 0, 0, 0, 0, 0, 0, 0, 0, 0, 0, 0, 0, 0, '2012-12-07 03:00:56', '2012-12-07 03:00:56', NULL, 0, NULL),
(98, 23, 0, 221, 0, 0, 3, 0, 0, 0, 0, 0, 0, 0, 0, 0, 0, 0, 77, 0, 0, 0, 0, 0, 0, 0, 0, 0, 0, 0, 0, 0, 0, 0, 0, 0, 3, 0, 0, 0, 0, 0, 0, '2012-12-07 04:00:41', '2012-12-07 04:00:41', NULL, 0, NULL),
(99, 25, 0, 268, 0, 0, 53, 0, 0, 0, 0, 0, 0, 0, 0, 0, 0, 0, 92, 0, 0, 0, 0, 0, 0, 0, 0, 0, 0, 0, 0, 0, 0, 0, 0, 0, 48, 0, 0, 0, 0, 0, 0, '2012-12-07 04:00:46', '2012-12-07 04:00:46', NULL, 0, NULL),
(100, 28, 0, 0, 0, 0, 0, 0, 0, 0, 0, 0, 0, 0, 0, 0, 0, 0, 25, 0, 0, 0, 0, 0, 0, 0, 0, 0, 0, 0, 0, 0, 0, 0, 0, 0, 0, 0, 0, 0, 0, 0, 0, '2012-12-07 04:01:08', '2012-12-07 04:01:08', NULL, 0, NULL),
(101, 30, 0, 256, 0, 0, 0, 0, 0, 0, 0, 0, 0, 0, 0, 0, 0, 0, 85, 0, 0, 0, 0, 0, 0, 0, 0, 0, 0, 0, 0, 0, 0, 0, 0, 0, 0, 0, 0, 0, 0, 0, 0, '2012-12-07 04:01:28', '2012-12-07 04:01:28', NULL, 0, NULL),
(102, 23, 0, 221, 0, 0, 3, 0, 0, 0, 0, 0, 0, 0, 0, 0, 0, 0, 77, 0, 0, 0, 0, 0, 0, 0, 0, 0, 0, 0, 0, 0, 0, 0, 0, 0, 3, 0, 0, 0, 0, 0, 0, '2012-12-07 05:00:31', '2012-12-07 05:00:31', NULL, 0, NULL),
(103, 25, 0, 273, 0, 0, 53, 0, 0, 0, 0, 0, 0, 0, 0, 0, 0, 0, 93, 0, 0, 0, 0, 0, 0, 0, 0, 0, 0, 0, 0, 0, 0, 0, 0, 0, 49, 0, 0, 0, 0, 0, 0, '2012-12-07 05:00:36', '2012-12-07 05:00:36', NULL, 0, NULL),
(104, 28, 0, 0, 0, 0, 0, 0, 0, 0, 0, 0, 0, 0, 0, 0, 0, 0, 25, 0, 0, 0, 0, 0, 0, 0, 0, 0, 0, 0, 0, 0, 0, 0, 0, 0, 0, 0, 0, 0, 0, 0, 0, '2012-12-07 05:00:43', '2012-12-07 05:00:43', NULL, 0, NULL),
(105, 30, 0, 255, 0, 0, 0, 0, 0, 0, 0, 0, 0, 0, 0, 0, 0, 0, 85, 0, 0, 0, 0, 0, 0, 0, 0, 0, 0, 0, 0, 0, 0, 0, 0, 0, 0, 0, 0, 0, 0, 0, 0, '2012-12-07 05:00:56', '2012-12-07 05:00:56', NULL, 0, NULL),
(106, 23, 0, 223, 0, 0, 3, 0, 0, 0, 0, 0, 0, 0, 0, 0, 0, 0, 77, 0, 0, 0, 0, 0, 0, 0, 0, 0, 0, 0, 0, 0, 0, 0, 0, 0, 3, 0, 0, 0, 0, 0, 0, '2012-12-07 06:00:31', '2012-12-07 06:00:31', NULL, 0, NULL),
(107, 25, 0, 281, 0, 0, 54, 0, 0, 0, 0, 0, 0, 0, 0, 0, 0, 0, 93, 0, 0, 0, 0, 0, 0, 0, 0, 0, 0, 0, 0, 0, 0, 0, 0, 0, 49, 0, 0, 0, 0, 0, 0, '2012-12-07 06:00:35', '2012-12-07 06:00:35', NULL, 0, NULL),
(108, 28, 0, 0, 0, 0, 0, 0, 0, 0, 0, 0, 0, 0, 0, 0, 0, 0, 25, 0, 0, 0, 0, 0, 0, 0, 0, 0, 0, 0, 0, 0, 0, 0, 0, 0, 0, 0, 0, 0, 0, 0, 0, '2012-12-07 06:00:53', '2012-12-07 06:00:53', NULL, 0, NULL),
(109, 30, 0, 258, 0, 0, 0, 0, 0, 0, 0, 0, 0, 0, 0, 0, 0, 0, 85, 0, 0, 0, 0, 0, 0, 0, 0, 0, 0, 0, 0, 0, 0, 0, 0, 0, 0, 0, 0, 0, 0, 0, 0, '2012-12-07 06:01:12', '2012-12-07 06:01:12', NULL, 0, NULL),
(110, 23, 0, 224, 0, 0, 3, 0, 0, 0, 0, 0, 0, 0, 0, 0, 0, 0, 77, 0, 0, 0, 0, 0, 0, 0, 0, 0, 0, 0, 0, 0, 0, 0, 0, 0, 3, 0, 0, 0, 0, 0, 0, '2012-12-07 07:00:53', '2012-12-07 07:00:53', NULL, 0, NULL),
(111, 25, 0, 282, 0, 0, 56, 0, 0, 0, 0, 0, 0, 0, 0, 0, 0, 0, 94, 0, 0, 0, 0, 0, 0, 0, 0, 0, 0, 0, 0, 0, 0, 0, 0, 0, 49, 0, 0, 0, 0, 0, 0, '2012-12-07 07:00:57', '2012-12-07 07:00:57', NULL, 0, NULL),
(112, 28, 0, 0, 0, 0, 0, 0, 0, 0, 0, 0, 0, 0, 0, 0, 0, 0, 25, 0, 0, 0, 0, 0, 0, 0, 0, 0, 0, 0, 0, 0, 0, 0, 0, 0, 0, 0, 0, 0, 0, 0, 0, '2012-12-07 07:01:14', '2012-12-07 07:01:14', NULL, 0, NULL),
(113, 30, 0, 260, 0, 0, 0, 0, 0, 0, 0, 0, 0, 0, 0, 0, 0, 0, 85, 0, 0, 0, 0, 0, 0, 0, 0, 0, 0, 0, 0, 0, 0, 0, 0, 0, 0, 0, 0, 0, 0, 0, 0, '2012-12-07 07:01:39', '2012-12-07 07:01:39', NULL, 0, NULL),
(114, 23, 0, 225, 0, 0, 3, 0, 0, 0, 0, 0, 0, 0, 0, 0, 0, 0, 77, 0, 0, 0, 0, 0, 0, 0, 0, 0, 0, 0, 0, 0, 0, 0, 0, 0, 3, 0, 0, 0, 0, 0, 0, '2012-12-07 08:00:50', '2012-12-07 08:00:50', NULL, 0, NULL),
(115, 25, 0, 287, 0, 0, 56, 0, 0, 0, 0, 0, 0, 0, 0, 0, 0, 0, 96, 0, 0, 0, 0, 0, 0, 0, 0, 0, 0, 0, 0, 0, 0, 0, 0, 0, 48, 0, 0, 0, 0, 0, 0, '2012-12-07 08:00:54', '2012-12-07 08:00:54', NULL, 0, NULL),
(116, 28, 0, 0, 0, 0, 0, 0, 0, 0, 0, 0, 0, 0, 0, 0, 0, 0, 25, 0, 0, 0, 0, 0, 0, 0, 0, 0, 0, 0, 0, 0, 0, 0, 0, 0, 0, 0, 0, 0, 0, 0, 0, '2012-12-07 08:01:20', '2012-12-07 08:01:20', NULL, 0, NULL),
(117, 30, 0, 261, 0, 0, 0, 0, 0, 0, 0, 0, 0, 0, 0, 0, 0, 0, 85, 0, 0, 0, 0, 0, 0, 0, 0, 0, 0, 0, 0, 0, 0, 0, 0, 0, 0, 0, 0, 0, 0, 0, 0, '2012-12-07 08:01:39', '2012-12-07 08:01:39', NULL, 0, NULL),
(118, 23, 0, 226, 0, 0, 4, 0, 0, 0, 0, 0, 0, 0, 0, 0, 0, 0, 77, 0, 0, 0, 0, 0, 0, 0, 0, 0, 0, 0, 0, 0, 0, 0, 0, 0, 3, 0, 0, 0, 0, 0, 0, '2012-12-07 09:00:32', '2012-12-07 09:00:32', NULL, 0, NULL),
(119, 25, 0, 292, 0, 0, 54, 0, 0, 0, 0, 0, 0, 0, 0, 0, 0, 0, 96, 0, 0, 0, 0, 0, 0, 0, 0, 0, 0, 0, 0, 0, 0, 0, 0, 0, 48, 0, 0, 0, 0, 0, 0, '2012-12-07 09:00:37', '2012-12-07 09:00:37', NULL, 0, NULL),
(120, 28, 0, 0, 0, 0, 0, 0, 0, 0, 0, 0, 0, 0, 0, 0, 0, 0, 25, 0, 0, 0, 0, 0, 0, 0, 0, 0, 0, 0, 0, 0, 0, 0, 0, 0, 0, 0, 0, 0, 0, 0, 0, '2012-12-07 09:00:45', '2012-12-07 09:00:45', NULL, 0, NULL),
(121, 30, 0, 268, 0, 0, 0, 0, 0, 0, 0, 0, 0, 0, 0, 0, 0, 0, 85, 0, 0, 0, 0, 0, 0, 0, 0, 0, 0, 0, 0, 0, 0, 0, 0, 0, 0, 0, 0, 0, 0, 0, 0, '2012-12-07 09:00:55', '2012-12-07 09:00:55', NULL, 0, NULL),
(122, 23, 0, 227, 0, 0, 4, 0, 0, 0, 0, 0, 0, 0, 0, 0, 0, 0, 77, 0, 0, 0, 0, 0, 0, 0, 0, 0, 0, 0, 0, 0, 0, 0, 0, 0, 3, 0, 0, 0, 0, 0, 0, '2012-12-07 10:00:45', '2012-12-07 10:00:45', NULL, 0, NULL),
(123, 25, 0, 294, 0, 0, 54, 0, 0, 0, 0, 0, 0, 0, 0, 0, 0, 0, 99, 0, 0, 0, 0, 0, 0, 0, 0, 0, 0, 0, 0, 0, 0, 0, 0, 0, 48, 0, 0, 0, 0, 0, 0, '2012-12-07 10:00:50', '2012-12-07 10:00:50', NULL, 0, NULL),
(124, 28, 0, 0, 0, 0, 0, 0, 0, 0, 0, 0, 0, 0, 0, 0, 0, 0, 25, 0, 0, 0, 0, 0, 0, 0, 0, 0, 0, 0, 0, 0, 0, 0, 0, 0, 0, 0, 0, 0, 0, 0, 0, '2012-12-07 10:01:10', '2012-12-07 10:01:10', NULL, 0, NULL),
(125, 30, 0, 269, 0, 0, 0, 0, 0, 0, 0, 0, 0, 0, 0, 0, 0, 0, 89, 0, 0, 0, 0, 0, 0, 0, 0, 0, 0, 0, 0, 0, 0, 0, 0, 0, 0, 0, 0, 0, 0, 0, 0, '2012-12-07 10:01:24', '2012-12-07 10:01:24', NULL, 0, NULL),
(126, 23, 0, 231, 0, 0, 5, 0, 0, 0, 0, 0, 0, 0, 0, 0, 0, 0, 77, 0, 0, 0, 0, 0, 0, 0, 0, 0, 0, 0, 0, 0, 0, 0, 0, 0, 4, 0, 0, 0, 0, 0, 0, '2012-12-07 11:00:40', '2012-12-07 11:00:40', NULL, 0, NULL),
(127, 25, 0, 299, 0, 0, 54, 0, 0, 0, 0, 0, 0, 0, 0, 0, 0, 0, 99, 0, 0, 0, 0, 0, 0, 0, 0, 0, 0, 0, 0, 0, 0, 0, 0, 0, 47, 0, 0, 0, 0, 0, 0, '2012-12-07 11:00:42', '2012-12-07 11:00:42', NULL, 0, NULL),
(128, 28, 0, 0, 0, 0, 0, 0, 0, 0, 0, 0, 0, 0, 0, 0, 0, 0, 25, 0, 0, 0, 0, 0, 0, 0, 0, 0, 0, 0, 0, 0, 0, 0, 0, 0, 0, 0, 0, 0, 0, 0, 0, '2012-12-07 11:00:47', '2012-12-07 11:00:47', NULL, 0, NULL),
(129, 30, 0, 275, 0, 0, 0, 0, 0, 0, 0, 0, 0, 0, 0, 0, 0, 0, 89, 0, 0, 0, 0, 0, 0, 0, 0, 0, 0, 0, 0, 0, 0, 0, 0, 0, 0, 0, 0, 0, 0, 0, 0, '2012-12-07 11:00:58', '2012-12-07 11:00:58', NULL, 0, NULL),
(130, 23, 0, 231, 0, 0, 5, 0, 0, 0, 0, 0, 0, 0, 0, 0, 0, 0, 79, 0, 0, 0, 0, 0, 0, 0, 0, 0, 0, 0, 0, 0, 0, 0, 0, 0, 4, 0, 0, 0, 0, 0, 0, '2012-12-07 12:00:42', '2012-12-07 12:00:42', NULL, 0, NULL),
(131, 25, 0, 0, 0, 0, 52, 0, 0, 0, 0, 0, 0, 0, 0, 0, 0, 0, 99, 0, 0, 0, 0, 0, 0, 0, 0, 0, 0, 0, 0, 0, 0, 0, 0, 0, 46, 0, 0, 0, 0, 0, 0, '2012-12-07 12:00:45', '2012-12-07 12:00:45', NULL, 0, NULL),
(132, 28, 0, 0, 0, 0, 0, 0, 0, 0, 0, 0, 0, 0, 0, 0, 0, 0, 25, 0, 0, 0, 0, 0, 0, 0, 0, 0, 0, 0, 0, 0, 0, 0, 0, 0, 0, 0, 0, 0, 0, 0, 0, '2012-12-07 12:01:01', '2012-12-07 12:01:01', NULL, 0, NULL),
(133, 30, 0, 275, 0, 0, 0, 0, 0, 0, 0, 0, 0, 0, 0, 0, 0, 0, 90, 0, 0, 0, 0, 0, 0, 0, 0, 0, 0, 0, 0, 0, 0, 0, 0, 0, 0, 0, 0, 0, 0, 0, 0, '2012-12-07 12:01:16', '2012-12-07 12:01:16', NULL, 0, NULL),
(134, 23, 0, 237, 0, 0, 5, 0, 0, 0, 0, 0, 0, 0, 0, 0, 0, 0, 79, 0, 0, 0, 0, 0, 0, 0, 0, 0, 0, 0, 0, 0, 0, 0, 0, 0, 4, 0, 0, 0, 0, 0, 0, '2012-12-07 13:00:30', '2012-12-07 13:00:30', NULL, 0, NULL),
(135, 25, 0, 0, 0, 0, 52, 0, 0, 0, 0, 0, 0, 0, 0, 0, 0, 0, 101, 0, 0, 0, 0, 0, 0, 0, 0, 0, 0, 0, 0, 0, 0, 0, 0, 0, 46, 0, 0, 0, 0, 0, 0, '2012-12-07 13:00:33', '2012-12-07 13:00:33', NULL, 0, NULL),
(136, 28, 0, 0, 0, 0, 0, 0, 0, 0, 0, 0, 0, 0, 0, 0, 0, 0, 25, 0, 0, 0, 0, 0, 0, 0, 0, 0, 0, 0, 0, 0, 0, 0, 0, 0, 0, 0, 0, 0, 0, 0, 0, '2012-12-07 13:00:38', '2012-12-07 13:00:38', NULL, 0, NULL),
(137, 30, 0, 277, 0, 0, 0, 0, 0, 0, 0, 0, 0, 0, 0, 0, 0, 0, 93, 0, 0, 0, 0, 0, 0, 0, 0, 0, 0, 0, 0, 0, 0, 0, 0, 0, 0, 0, 0, 0, 0, 0, 0, '2012-12-07 13:00:45', '2012-12-07 13:00:45', NULL, 0, NULL),
(138, 23, 0, 241, 0, 0, 4, 0, 0, 0, 0, 0, 0, 0, 0, 0, 0, 0, 80, 0, 0, 0, 0, 0, 0, 0, 0, 0, 0, 0, 0, 0, 0, 0, 0, 0, 3, 0, 0, 0, 0, 0, 0, '2012-12-07 14:01:02', '2012-12-07 14:01:02', NULL, 0, NULL),
(139, 25, 0, 0, 0, 0, 52, 0, 0, 0, 0, 0, 0, 0, 0, 0, 0, 0, 103, 0, 0, 0, 0, 0, 0, 0, 0, 0, 0, 0, 0, 0, 0, 0, 0, 0, 46, 0, 0, 0, 0, 0, 0, '2012-12-07 14:01:05', '2012-12-07 14:01:05', NULL, 0, NULL),
(140, 28, 0, 0, 0, 0, 0, 0, 0, 0, 0, 0, 0, 0, 0, 0, 0, 0, 25, 0, 0, 0, 0, 0, 0, 0, 0, 0, 0, 0, 0, 0, 0, 0, 0, 0, 0, 0, 0, 0, 0, 0, 0, '2012-12-07 14:01:17', '2012-12-07 14:01:17', NULL, 0, NULL),
(141, 30, 0, 279, 0, 0, 0, 0, 0, 0, 0, 0, 0, 0, 0, 0, 0, 0, 94, 0, 0, 0, 0, 0, 0, 0, 0, 0, 0, 0, 0, 0, 0, 0, 0, 0, 0, 0, 0, 0, 0, 0, 0, '2012-12-07 14:01:30', '2012-12-07 14:01:30', NULL, 0, NULL),
(142, 23, 0, 241, 0, 0, 4, 0, 0, 0, 0, 0, 0, 0, 0, 0, 0, 0, 80, 0, 0, 0, 0, 0, 0, 0, 0, 0, 0, 0, 0, 0, 0, 0, 0, 0, 3, 0, 0, 0, 0, 0, 0, '2012-12-07 15:00:27', '2012-12-07 15:00:27', NULL, 0, NULL),
(143, 25, 0, 0, 0, 0, 52, 0, 0, 0, 0, 0, 0, 0, 0, 0, 0, 0, 103, 0, 0, 0, 0, 0, 0, 0, 0, 0, 0, 0, 0, 0, 0, 0, 0, 0, 46, 0, 0, 0, 0, 0, 0, '2012-12-07 15:00:30', '2012-12-07 15:00:30', NULL, 0, NULL),
(144, 28, 0, 0, 0, 0, 0, 0, 0, 0, 0, 0, 0, 0, 0, 0, 0, 0, 25, 0, 0, 0, 0, 0, 0, 0, 0, 0, 0, 0, 0, 0, 0, 0, 0, 0, 0, 0, 0, 0, 0, 0, 0, '2012-12-07 15:00:38', '2012-12-07 15:00:38', NULL, 0, NULL),
(145, 30, 0, 279, 0, 0, 0, 0, 0, 0, 0, 0, 0, 0, 0, 0, 0, 0, 94, 0, 0, 0, 0, 0, 0, 0, 0, 0, 0, 0, 0, 0, 0, 0, 0, 0, 0, 0, 0, 0, 0, 0, 0, '2012-12-07 15:00:51', '2012-12-07 15:00:51', NULL, 0, NULL),
(146, 23, 0, 247, 0, 0, 4, 0, 0, 0, 0, 0, 0, 0, 0, 0, 0, 0, 81, 0, 0, 0, 0, 0, 0, 0, 0, 0, 0, 0, 0, 0, 0, 0, 0, 0, 3, 0, 0, 0, 0, 0, 0, '2012-12-07 16:00:32', '2012-12-07 16:00:32', NULL, 0, NULL),
(147, 25, 0, 0, 0, 0, 53, 0, 0, 0, 0, 0, 0, 0, 0, 0, 0, 0, 108, 0, 0, 0, 0, 0, 0, 0, 0, 0, 0, 0, 0, 0, 0, 0, 0, 0, 47, 0, 0, 0, 0, 0, 0, '2012-12-07 16:00:34', '2012-12-07 16:00:34', NULL, 0, NULL),
(148, 28, 0, 0, 0, 0, 0, 0, 0, 0, 0, 0, 0, 0, 0, 0, 0, 0, 25, 0, 0, 0, 0, 0, 0, 0, 0, 0, 0, 0, 0, 0, 0, 0, 0, 0, 0, 0, 0, 0, 0, 0, 0, '2012-12-07 16:00:51', '2012-12-07 16:00:51', NULL, 0, NULL),
(149, 30, 0, 279, 0, 0, 0, 0, 0, 0, 0, 0, 0, 0, 0, 0, 0, 0, 93, 0, 0, 0, 0, 0, 0, 0, 0, 0, 0, 0, 0, 0, 0, 0, 0, 0, 0, 0, 0, 0, 0, 0, 0, '2012-12-07 16:01:10', '2012-12-07 16:01:10', NULL, 0, NULL),
(150, 23, 0, 249, 0, 0, 4, 0, 0, 0, 0, 0, 0, 0, 0, 0, 0, 0, 81, 0, 0, 0, 0, 0, 0, 0, 0, 0, 0, 0, 0, 0, 0, 0, 0, 0, 3, 0, 0, 0, 0, 0, 0, '2012-12-07 17:00:40', '2012-12-07 17:00:40', NULL, 0, NULL),
(151, 25, 0, 0, 0, 0, 53, 0, 0, 0, 0, 0, 0, 0, 0, 0, 0, 0, 112, 0, 0, 0, 0, 0, 0, 0, 0, 0, 0, 0, 0, 0, 0, 0, 0, 0, 48, 0, 0, 0, 0, 0, 0, '2012-12-07 17:00:43', '2012-12-07 17:00:43', NULL, 0, NULL),
(152, 28, 0, 0, 0, 0, 0, 0, 0, 0, 0, 0, 0, 0, 0, 0, 0, 0, 25, 0, 0, 0, 0, 0, 0, 0, 0, 0, 0, 0, 0, 0, 0, 0, 0, 0, 0, 0, 0, 0, 0, 0, 0, '2012-12-07 17:00:59', '2012-12-07 17:00:59', NULL, 0, NULL),
(153, 30, 0, 278, 0, 0, 0, 0, 0, 0, 0, 0, 0, 0, 0, 0, 0, 0, 93, 0, 0, 0, 0, 0, 0, 0, 0, 0, 0, 0, 0, 0, 0, 0, 0, 0, 0, 0, 0, 0, 0, 0, 0, '2012-12-07 17:01:05', '2012-12-07 17:01:05', NULL, 0, NULL),
(154, 23, 0, 240, 0, 0, 4, 0, 0, 0, 0, 0, 0, 0, 0, 0, 0, 0, 80, 0, 0, 0, 0, 0, 0, 0, 0, 0, 0, 0, 0, 0, 0, 0, 0, 0, 3, 0, 0, 0, 0, 0, 0, '2012-12-07 18:00:37', '2012-12-07 18:00:37', NULL, 0, NULL),
(155, 25, 0, 0, 0, 0, 53, 0, 0, 0, 0, 0, 0, 0, 0, 0, 0, 0, 112, 0, 0, 0, 0, 0, 0, 0, 0, 0, 0, 0, 0, 0, 0, 0, 0, 0, 48, 0, 0, 0, 0, 0, 0, '2012-12-07 18:00:39', '2012-12-07 18:00:39', NULL, 0, NULL),
(156, 28, 0, 0, 0, 0, 0, 0, 0, 0, 0, 0, 0, 0, 0, 0, 0, 0, 25, 0, 0, 0, 0, 0, 0, 0, 0, 0, 0, 0, 0, 0, 0, 0, 0, 0, 0, 0, 0, 0, 0, 0, 0, '2012-12-07 18:00:50', '2012-12-07 18:00:50', NULL, 0, NULL),
(157, 30, 0, 277, 0, 0, 0, 0, 0, 0, 0, 0, 0, 0, 0, 0, 0, 0, 93, 0, 0, 0, 0, 0, 0, 0, 0, 0, 0, 0, 0, 0, 0, 0, 0, 0, 0, 0, 0, 0, 0, 0, 0, '2012-12-07 18:01:01', '2012-12-07 18:01:01', NULL, 0, NULL),
(158, 23, 0, 250, 0, 0, 4, 0, 0, 0, 0, 0, 0, 0, 0, 0, 0, 0, 83, 0, 0, 0, 0, 0, 0, 0, 0, 0, 0, 0, 0, 0, 0, 0, 0, 0, 3, 0, 0, 0, 0, 0, 0, '2012-12-07 19:00:45', '2012-12-07 19:00:45', NULL, 0, NULL),
(159, 25, 0, 0, 0, 0, 56, 0, 0, 0, 0, 0, 0, 0, 0, 0, 0, 0, 132, 0, 0, 0, 0, 0, 0, 0, 0, 0, 0, 0, 0, 0, 0, 0, 0, 0, 50, 0, 0, 0, 0, 0, 0, '2012-12-07 19:00:48', '2012-12-07 19:00:48', NULL, 0, NULL),
(160, 28, 0, 0, 0, 0, 0, 0, 0, 0, 0, 0, 0, 0, 0, 0, 0, 0, 26, 0, 0, 0, 0, 0, 0, 0, 0, 0, 0, 0, 0, 0, 0, 0, 0, 0, 0, 0, 0, 0, 0, 0, 0, '2012-12-07 19:01:07', '2012-12-07 19:01:07', NULL, 0, NULL),
(161, 30, 0, 278, 0, 0, 0, 0, 0, 0, 0, 0, 0, 0, 0, 0, 0, 0, 91, 0, 0, 0, 0, 0, 0, 0, 0, 0, 0, 0, 0, 0, 0, 0, 0, 0, 0, 0, 0, 0, 0, 0, 0, '2012-12-07 19:01:25', '2012-12-07 19:01:25', NULL, 0, NULL),
(162, 23, 0, 258, 0, 0, 4, 0, 0, 0, 0, 0, 0, 0, 0, 0, 0, 0, 83, 0, 0, 0, 0, 0, 0, 0, 0, 0, 0, 0, 0, 0, 0, 0, 0, 0, 3, 0, 0, 0, 0, 0, 0, '2012-12-07 20:00:26', '2012-12-07 20:00:26', NULL, 0, NULL),
(163, 25, 0, 0, 0, 0, 56, 0, 0, 0, 0, 0, 0, 0, 0, 0, 0, 0, 132, 0, 0, 0, 0, 0, 0, 0, 0, 0, 0, 0, 0, 0, 0, 0, 0, 0, 53, 0, 0, 0, 0, 0, 0, '2012-12-07 20:00:29', '2012-12-07 20:00:29', NULL, 0, NULL),
(164, 28, 0, 0, 0, 0, 0, 0, 0, 0, 0, 0, 0, 0, 0, 0, 0, 0, 26, 0, 0, 0, 0, 0, 0, 0, 0, 0, 0, 0, 0, 0, 0, 0, 0, 0, 0, 0, 0, 0, 0, 0, 0, '2012-12-07 20:00:33', '2012-12-07 20:00:33', NULL, 0, NULL),
(165, 30, 0, 277, 0, 0, 0, 0, 0, 0, 0, 0, 0, 0, 0, 0, 0, 0, 91, 0, 0, 0, 0, 0, 0, 0, 0, 0, 0, 0, 0, 0, 0, 0, 0, 0, 0, 0, 0, 0, 0, 0, 0, '2012-12-07 20:00:38', '2012-12-07 20:00:38', NULL, 0, NULL),
(166, 23, 0, 257, 0, 0, 4, 0, 0, 0, 0, 0, 0, 0, 0, 0, 0, 0, 85, 0, 0, 0, 0, 0, 0, 0, 0, 0, 0, 0, 0, 0, 0, 0, 0, 0, 3, 0, 0, 0, 0, 0, 0, '2012-12-07 21:00:39', '2012-12-07 21:00:39', NULL, 0, NULL),
(167, 25, 0, 0, 0, 0, 60, 0, 0, 0, 0, 0, 0, 0, 0, 0, 0, 0, 156, 0, 0, 0, 0, 0, 0, 0, 0, 0, 0, 0, 0, 0, 0, 0, 0, 0, 53, 0, 0, 0, 0, 0, 0, '2012-12-07 21:00:41', '2012-12-07 21:00:41', NULL, 0, NULL),
(168, 28, 0, 0, 0, 0, 0, 0, 0, 0, 0, 0, 0, 0, 0, 0, 0, 0, 26, 0, 0, 0, 0, 0, 0, 0, 0, 0, 0, 0, 0, 0, 0, 0, 0, 0, 0, 0, 0, 0, 0, 0, 0, '2012-12-07 21:00:56', '2012-12-07 21:00:56', NULL, 0, NULL),
(169, 30, 0, 262, 0, 0, 0, 0, 0, 0, 0, 0, 0, 0, 0, 0, 0, 0, 90, 0, 0, 0, 0, 0, 0, 0, 0, 0, 0, 0, 0, 0, 0, 0, 0, 0, 0, 0, 0, 0, 0, 0, 0, '2012-12-07 21:01:08', '2012-12-07 21:01:08', NULL, 0, NULL),
(170, 23, 0, 256, 0, 0, 2, 0, 0, 0, 0, 0, 0, 0, 0, 0, 0, 0, 83, 0, 0, 0, 0, 0, 0, 0, 0, 0, 0, 0, 0, 0, 0, 0, 0, 0, 2, 0, 0, 0, 0, 0, 0, '2012-12-07 22:00:53', '2012-12-07 22:00:53', NULL, 0, NULL),
(171, 25, 0, 0, 0, 0, 64, 0, 0, 0, 0, 0, 0, 0, 0, 0, 0, 0, 183, 0, 0, 0, 0, 0, 0, 0, 0, 0, 0, 0, 0, 0, 0, 0, 0, 0, 54, 0, 0, 0, 0, 0, 0, '2012-12-07 22:00:55', '2012-12-07 22:00:55', NULL, 0, NULL),
(172, 28, 0, 0, 0, 0, 0, 0, 0, 0, 0, 0, 0, 0, 0, 0, 0, 0, 26, 0, 0, 0, 0, 0, 0, 0, 0, 0, 0, 0, 0, 0, 0, 0, 0, 0, 0, 0, 0, 0, 0, 0, 0, '2012-12-07 22:01:16', '2012-12-07 22:01:16', NULL, 0, NULL),
(173, 30, 0, 260, 0, 0, 0, 0, 0, 0, 0, 0, 0, 0, 0, 0, 0, 0, 84, 0, 0, 0, 0, 0, 0, 0, 0, 0, 0, 0, 0, 0, 0, 0, 0, 0, 0, 0, 0, 0, 0, 0, 0, '2012-12-07 22:01:31', '2012-12-07 22:01:31', NULL, 0, NULL);

-- --------------------------------------------------------

--
-- Table structure for table `app_code`
--

CREATE TABLE IF NOT EXISTS `app_code` (
  `app_id` int(10) unsigned NOT NULL AUTO_INCREMENT,
  `package_id` varchar(255) DEFAULT NULL,
  `app_name` varchar(255) NOT NULL,
  `country_id` smallint(6) NOT NULL DEFAULT '0',
  `all_category` varchar(255) NOT NULL DEFAULT '',
  `category_id1` int(10) unsigned NOT NULL DEFAULT '0',
  `category_id2` int(10) unsigned NOT NULL DEFAULT '0',
  `category_id3` int(10) unsigned NOT NULL DEFAULT '0',
  `category_id4` int(10) unsigned NOT NULL DEFAULT '0',
  `category_id5` int(10) unsigned NOT NULL DEFAULT '0',
  `category_id6` int(10) unsigned NOT NULL DEFAULT '0',
  `app_specify_flag` tinyint(3) unsigned NOT NULL DEFAULT '0',
  `artist_url` text,
  `artist_name` varchar(255) DEFAULT NULL,
  `price` int(10) unsigned NOT NULL DEFAULT '0',
  `current_version` varchar(45) DEFAULT '0.0',
  `version_update_date` datetime DEFAULT NULL,
  `require_android` varchar(255) DEFAULT NULL,
  `size` varchar(45) DEFAULT NULL,
  `insert_date` datetime DEFAULT NULL,
  `update_date` datetime DEFAULT NULL,
  `delete_date` datetime DEFAULT NULL,
  `delete_flag` tinyint(3) unsigned DEFAULT '0',
  `display_flag` tinyint(3) unsigned DEFAULT '1',
  `summary` text,
  `app_icon` varchar(1000) NOT NULL COMMENT 'app icon link',
  `rating` float NOT NULL DEFAULT '0',
  `rating_count` int(11) NOT NULL DEFAULT '0',
  `screenshot1` varchar(1000) NOT NULL,
  `screenshot2` varchar(1000) NOT NULL,
  `screenshot3` varchar(1000) NOT NULL,
  `screenshot4` varchar(1000) NOT NULL,
  `screenshot5` varchar(1000) NOT NULL,
  `screenshot6` varchar(1000) NOT NULL,
  `screenshot7` varchar(1000) NOT NULL,
  `screenshot8` varchar(1000) NOT NULL,
  PRIMARY KEY (`app_id`),
  KEY `index` (`country_id`,`app_specify_flag`,`category_id1`)
) ENGINE=InnoDB  DEFAULT CHARSET=utf8;

--
-- Dumping data for table `app_code`
--

INSERT INTO `app_code` (`app_id`, `package_id`, `app_name`, `country_id`, `all_category`, `category_id1`, `category_id2`, `category_id3`, `category_id4`, `category_id5`, `category_id6`, `app_specify_flag`, `artist_url`, `artist_name`, `price`, `current_version`, `version_update_date`, `require_android`, `size`, `insert_date`, `update_date`, `delete_date`, `delete_flag`, `display_flag`, `summary`, `app_icon`, `rating`, `rating_count`, `screenshot1`, `screenshot2`, `screenshot3`, `screenshot4`, `screenshot5`, `screenshot6`, `screenshot7`, `screenshot8`) VALUES
(23, 'jp.gree.greeapp96', '釣りスタ by GREE(グリー)', 17, 'ゲーム, ソーシャルネットワーキング, スポーツ, アクション', 9, 10, 11, 12, 0, 0, 1, 'https://itunes.apple.com/jp/artist/gree-inc./id403482783?uo=4', 'GREE, Inc.', 0, '1.2.1', '2011-10-05 11:04:37', 'all', '4.53', '2012-12-04 00:00:00', '2012-12-07 22:00:01', NULL, 0, 1, '2000万人以上がSNSやゲームを楽しんでいるGREEの【無料】ゲームアプリです!\\n大人気釣りゲーム『釣り★スタ』が遂に登場!\\n釣り★スタはお気に入りの釣り竿でさまざまな種類の魚を釣る本格釣りゲーム♪\\nエサやシカケを巧みに使いこなして、魚図鑑をコンプリートしよう!\\nユーザーと協力してたくさんの魚を釣ったり、まだ見ぬ魚を探しにツアーに行ったり、イベントも盛りだくさん!\\nさっそく、釣り名人への第一歩を踏み出そう!\\n\\n【アプリ版GREEでできること】\\n・無料で遊べるiPhoneゲームが続々追加されます。\\n・友だちと今の気持ちや写真を通じたコミュニケーションを楽しむことができます。\\n・iPhoneに登録してある連絡先から友だちを検索・招待できます。\\n・友だち同士でメールを交換することができます。\\n・様々なテーマのコミュニティへ参加し、同じ興味を持った友だちと交流することができます。\\n\\n【ログイン機能について】\\n・釣り★スタを利用するためには、GREEへの登録およびログインが必要となります。\\n・GREEへは本アプリから無料で登録可能です。\\n・このゲームはWebブラウザゲームです。初回起動時に時間がかかることがあります。\\n\\n【アプリ専用コインについて】\\n・iPhoneアプリ内でアイテムを購入するには、各iPhoneアプリ毎にアプリ専用コインが必要です。\\n・アプリ専用コインは、対応するiPhoneアプリ内のみでご利用いただけます。\\n(例)釣りコイン(TC)は、iPhoneアプリの「釣り★スタ」のみでご利用いただけます。\\n・iPhoneアプリ内では、各アプリのアプリ専用コインのみ使用可能です。そのほかのコインはご利用いただけません。\\n\\n【迷惑メールについて】\\nGREEにご登録いただいた情報は、プライバシーポリシーに則り運用しており、弊社からの通知メールなどは「@gree.jp」のドメイン以外からお送りすることはございません。\\nなお、一部業者により「@gree.jp」のドメインをなりすまし、メールを送る悪質な行為も確認されております。迷惑メールの受信が確認できる場合は、携帯電話会社の迷惑メール対策ページなどをご確認ください。', 'http://a1564.phobos.apple.com/us/r1000/107/Purple/v4/fe/0f/38/fe0f380d-164a-2fb2-8a7c-99a6048579bb/mzm.gdvnkduz.png', 4, 1390, 'http://a1620.phobos.apple.com/us/r1000/066/Purple/v4/9f/a0/d4/9fa0d446-c268-d1ba-82ef-929bfb94dc92/mzl.xidylhrf.jpg', 'http://a1731.phobos.apple.com/us/r1000/078/Purple/v4/c0/bc/40/c0bc4098-36c0-6822-d7a0-41c202200f6a/mzl.ibzvtufc.jpg', 'http://a393.phobos.apple.com/us/r1000/080/Purple/v4/a3/46/6b/a3466b64-67b6-fd61-f5a3-ab954d79711d/mzl.bspkpllw.jpg', 'http://a44.phobos.apple.com/us/r1000/117/Purple/v4/d7/2e/27/d72e27c3-d941-38e9-a035-ce6bdd21de67/mzl.ywltwpaa.jpg', 'http://a1819.phobos.apple.com/us/r1000/116/Purple/v4/c5/b4/b0/c5b4b084-c907-1b7d-01bb-613474186755/mzl.vgagtfic.jpg', '', '', ''),
(25, 'jp.gree.greeapp112', '海賊王国コロンブス[カードバトル] by GREE(グリー)', 17, 'ゲーム, ソーシャルネットワーキング, アドベンチャー, ロールプレイング', 9, 10, 13, 14, 0, 0, 1, 'https://itunes.apple.com/jp/artist/gree-inc./id403482783?uo=4', 'GREE, Inc.', 0, '1.4.3', '2011-07-26 05:22:46', 'all', '0.99', '2012-12-04 00:00:00', '2012-12-07 22:00:01', NULL, 0, 1, 'クエスト＆バトルで財宝やカードをGETできる本格カードバトルがGREE(グリー)から登場！\\n\\n「海賊王国コロンブス」は海賊たちが行き交う大海原を舞台に各地にちらばった財宝やカードを集め、自分だけの海賊王国をつくる本格カードバトル型RPGです。\\n\\n4,000種類以上もあるキャプテンカードやアジトカードの中から自由自在にアジトをカスタマイズ！\\nプレイヤーの腕次第で強さは急上昇！ 組み合わせは無限大に広がる！\\n自分だけの最強をアジトを作って、熱いカードバトルに挑戦！\\nライバルたちとのカードバトルを制して、海賊王国の頂点を目指そう！\\n\\n１．やり込み要素がいっぱい！ 自分好みのアジトに強化！\\nグリーから提供する海賊王国コロンブスでは、ほかのカードバトルアプリにはない「アジト機能」を搭載。カードの種類はキャラクターだけでなく、「船」「兵器」「城」「建物」「オブジェ」の５種類のアジトカードが存在。パラメータ重視で編成するもよし、見た目のかっこよさやかわいらしさを重視するもよし。アジトの充実のさせかたは人それぞれ。イベントやクエストに参加してさまざまなカードをGETして、お気に入りのカードを見つけよう！\\n\\n２．ほぼ毎日開催！ イベントに参加してボスを倒せ！\\nカードバトルゲームで大人気の海賊王国コロンブスでは、なんとほぼ毎日イベントを開催！ アジトに神が襲い掛かってくる神戦イベント、お宝を隠し持つ盗賊団がクエストに現れる宝箱イベント、バトルに勝利してポイントを競い豪華賞品をGETするバトルイベントなど、イベントの種類はとっても豊富。イベントの豪華賞品をGETするためには、海賊仲間との協力が不可欠。海賊仲間をたくさん誘って、強力なボスたちに立ち向かおう！ イベントによってはボスがカードになって仲間になってくれることも\\u2026\\u2026！？\\n\\n３．カードを合成して最強カードをGET！\\nクエストやガチャでGETできるカードは、同じカードを組み合わせて合成することによって強化が可能。強力なウルトラレアカードを2枚集めて合成すると、最強カード・ダブルウルトラレアに進化！ 強力のアジトを作って、海賊王国の王者に君臨しよう！ カード合成は、かんたんにGETすることができるノーマルカードでも可能。これから新しく始める人でも、アジト強化がすぐに楽しめます！\\n\\nカードバトルアプリで大人気の海賊王国コロンブスは、ダウンロード無料！ 今すぐダウンロードして最強の海賊王国を目指す旅に出掛けよう！\\n\\n\\nご利用規約\\nこのアプリをダウンロードすることで利用規約に同意したことになります。\\nhttp://id.gree.net/?action=misc_tos_generic&page=terms', 'http://a367.phobos.apple.com/us/r1000/111/Purple/v4/42/e0/29/42e02966-fdee-e01e-0917-68dd8823b895/mzl.atuaaqpg.png', 2.5, 329, 'http://a979.phobos.apple.com/us/r1000/082/Purple/v4/95/61/e3/9561e33a-c203-d5bd-1686-959f6a740b6a/mzl.lyofynif.png', 'http://a334.phobos.apple.com/us/r1000/114/Purple/v4/31/cf/41/31cf41d4-a22b-dcc8-8ea3-402f9d143db6/mzl.mgetfudt.png', 'http://a1498.phobos.apple.com/us/r1000/107/Purple/v4/6b/e1/50/6be150e3-a749-f56b-9502-e0edebd52d62/mzl.tstbfmvk.png', 'http://a856.phobos.apple.com/us/r1000/107/Purple/v4/a8/1f/05/a81f0530-f897-c408-ddbc-c5e51b8a4e88/mzl.mqjprurz.png', '', '', '', ''),
(28, 'jp.gree.greeapp', 'GREE (グリー)', 17, 'ソーシャルネットワーキング, ユーティリティ', 10, 15, 0, 0, 0, 0, 1, 'https://itunes.apple.com/jp/artist/gree-inc./id403482783?uo=4', 'GREE, Inc.', 0, '2.0.9', '2010-12-06 04:45:46', 'all', '4.43', '2012-12-05 19:10:09', '2012-12-07 22:00:06', NULL, 0, 1, '2500万人以上がコミュニケーションや無料ゲームを楽しんでいる GREE の公式アプリケーションです。\\n\\n【アプリ版 GREE でできること】\\n・無料で遊べる iPhone ゲームが続々追加されます\\n・新着コメント、伝言板等をプッシュ通知で受け取ったり、フォトひとことがカメラやアルバムと連動して簡単に投稿できます\\n・通知がタイムライン化され、より便利になります\\n・iPhone に登録してある連絡先から友だちを検索・招待できます\\n・友だちと今の気持ちやフォトを通じたコミュニケーションを楽しむことができます\\n・様々なテーマのコミュニティへ参加し、同じ興味を持った友だちと交流することができます\\n\\n【最近の状況、今後の予定等】\\n・アバター、メール、ニュースについて本アプリ内からご利用いただけるようになりました。\\n・バージョン 1.2.1.0 以降、iPhone アプリとして提供を続けるために、一部のゲームを始めた際、Mobile Safari が起動するよう、仕様を変更しております。何とぞご理解ご了承くださいますようお願いいたします。\\n\\n【お知らせ】\\n・本バージョン(ver 2.0.5.0)から、iPhone 5のサポートに伴いiOS 4.3以降が対象となります。それ以前をお使いの場合、OSをアップデートしてご利用ください。', 'http://a1719.phobos.apple.com/us/r1000/078/Purple/v4/ab/bf/6a/abbf6a87-c38f-d83b-2ea2-387cbea8de57/mzl.xgptewfh.png', 2, 7327, 'http://a301.phobos.apple.com/us/r1000/095/Purple/v4/ba/b1/e8/bab1e8e8-f693-7c16-83aa-a54b8ae6ad8e/mzl.kenwjark.jpg', 'http://a5.phobos.apple.com/us/r1000/117/Purple/v4/4c/7a/96/4c7a96fc-c5ba-2cfe-78b9-3a17af148743/mzl.wirajxeu.jpg', 'http://a1083.phobos.apple.com/us/r1000/062/Purple/v4/a8/ea/eb/a8eaeb7d-39ab-7241-bf3e-fada3eb9ec15/mzl.lzahzynu.jpg', '', '', '', '', ''),
(30, 'com.imangi.templerun', 'Temple Run', 17, 'ゲーム, アーケード, アクション, エンターテインメント', 9, 16, 12, 17, 0, 0, 1, 'https://itunes.apple.com/jp/artist/imangi-studios-llc/id284899742?uo=4', 'Imangi Studios, LLC', 0, '1.6', '2011-08-04 07:00:00', 'all', '29.03', '2012-12-06 16:03:45', '2012-12-07 22:00:09', NULL, 0, 1, '「どのアドベンチャーの映画でもヒーローが最後に宝物を手にし、そこから迷路のようなさまざまな落とし穴を生きて脱出するために切り抜けるというシーンがありますが、テンプル・ランはまさにこのシーンであり、それはもう驚くようなすごさです。」-SlideToPlay.com\\n\\n受賞ベストセラーであるHarbor Master®(ハーバー・マスター)のメーカーから最高に興奮するランニングゲームがアップストアから発売されます。古代寺院の壁や切り立った岸壁をレースしながらあなたの反射神経を試してください。スワイプすることによって回転、ジャンプそしてスライドをして障害を乗り越え、コインを増やしてパワーアップし、どこまで行けるかを試してください!\\n\\nレヴュー\\n\\n★ 「アップストアの中で最高に果てしないランニングゲーム\\u20261分1分を楽しめます。」\\n- AppleNApps.com\\n\\n★ TouchArcade Forums(タッチアーケード・フォーラム)から今週のゲームに選ばれました。\\n\\n★ TouchArcade (タッチアーケード)の今月のベストゲームの1つに選ばれました。\\n\\n★ 「しばらくぶりの、あるいは今までで最高かも知れない最もスリリングで面白いランニングゲーム。」- TheAppera.com\\n\\n★ 「スピードがあり熱狂感あふれるアイフォン経験。」- IGN.com\\n\\n★ 「とてもはまってしまう\\u2026絶対に他とは全く違うランニングゲーム。」- Appolicious.com\\n\\n機能 \\n\\n★ 使いやすくピッタリ感のあるシンプルなスワイプとチルト操作\\n★ キャラクターをレベルアップでき、すごいパワーアップが使えます。 \\n★ このクラスでは初めての回転、ジャンプ、スライド、そしてチルトを組み合わせたオリジナルの3Dランニング・メカニック!\\n★ 最高5種類のキャラクターでプレイが可能!\\n★ 友達と競争できるゲームセンター・リーダーボードとアチーブメント\\n★ 信じられないほど面白く、もう一度だけと、果てしないゲームプレイ!', 'http://a1661.phobos.apple.com/us/r1000/086/Purple/v4/ef/ba/a2/efbaa220-4b40-6b98-858e-a3bccfbfe23d/mza_8923445912316023043.png', 4.5, 56492, 'http://a1334.phobos.apple.com/us/r1000/112/Purple/v4/ee/80/21/ee802169-c46d-dd5f-1b66-11519a10ac95/mzl.jodjgvdp.png', 'http://a349.phobos.apple.com/us/r1000/113/Purple/v4/e4/28/f8/e428f8b8-810d-4dc5-8d37-1b56c41f43e9/mzl.ujslvoth.png', 'http://a947.phobos.apple.com/us/r1000/104/Purple/v4/ce/c2/0d/cec20d8f-fe37-301c-ec60-c06e92329ff0/mzl.cxhvjsbb.png', 'http://a1654.phobos.apple.com/us/r1000/068/Purple/v4/ca/ff/7e/caff7e4f-6553-abe1-ffb4-ab3aa4f09762/mzl.grodvpjw.png', 'http://a1210.phobos.apple.com/us/r1000/069/Purple/v4/c1/5f/d8/c15fd8f5-0a48-797c-77aa-90edf11d5ec8/mzl.ogpohykl.png', '', '', '');

-- --------------------------------------------------------

--
-- Table structure for table `app_keyword`
--

CREATE TABLE IF NOT EXISTS `app_keyword` (
  `id` mediumint(9) NOT NULL AUTO_INCREMENT,
  `keyword_app_id` mediumint(9) DEFAULT NULL,
  `search_view_rank` tinyint(4) DEFAULT NULL,
  `sum_key_counter` int(10) unsigned DEFAULT '0',
  `insert_date` datetime DEFAULT NULL,
  `seq_no` tinyint(4) DEFAULT NULL,
  PRIMARY KEY (`id`)
) ENGINE=InnoDB  DEFAULT CHARSET=utf8;

--
-- Dumping data for table `app_keyword`
--

INSERT INTO `app_keyword` (`id`, `keyword_app_id`, `search_view_rank`, `sum_key_counter`, `insert_date`, `seq_no`) VALUES
(103, 14, 1, 0, '2012-12-06 19:00:47', NULL),
(104, 31, 4, 0, '2012-12-06 19:00:47', NULL),
(105, 15, 2, 0, '2012-12-06 19:00:49', NULL),
(106, 16, 6, 0, '2012-12-06 19:00:50', NULL),
(107, 35, 1, 0, '2012-12-06 19:00:50', NULL),
(108, 17, 1, 0, '2012-12-06 19:00:50', NULL),
(109, 32, 0, 0, '2012-12-06 19:00:50', NULL),
(110, 25, 2, 0, '2012-12-06 19:00:57', NULL),
(111, 27, 6, 0, '2012-12-06 19:00:57', NULL),
(112, 29, 1, 0, '2012-12-06 19:00:58', NULL),
(113, 26, 3, 0, '2012-12-06 19:01:01', NULL),
(114, 28, 7, 0, '2012-12-06 19:01:02', NULL),
(115, 30, 2, 0, '2012-12-06 19:01:02', NULL),
(116, 33, 2, 0, '2012-12-06 19:01:10', NULL),
(117, 34, 4, 0, '2012-12-06 19:01:20', NULL),
(133, 14, 1, 0, '2012-12-06 20:01:18', NULL),
(134, 31, 4, 0, '2012-12-06 20:01:18', NULL),
(135, 15, 2, 0, '2012-12-06 20:01:22', NULL),
(136, 16, 6, 0, '2012-12-06 20:01:23', NULL),
(137, 35, 1, 0, '2012-12-06 20:01:23', NULL),
(138, 17, 1, 0, '2012-12-06 20:01:23', NULL),
(139, 32, 0, 0, '2012-12-06 20:01:23', NULL),
(140, 25, 2, 0, '2012-12-06 20:01:29', NULL),
(141, 27, 6, 0, '2012-12-06 20:01:29', NULL),
(142, 29, 1, 0, '2012-12-06 20:01:29', NULL),
(143, 26, 3, 0, '2012-12-06 20:01:34', NULL),
(144, 28, 9, 0, '2012-12-06 20:01:35', NULL),
(145, 30, 2, 0, '2012-12-06 20:01:35', NULL),
(146, 33, 2, 0, '2012-12-06 20:01:45', NULL),
(147, 34, 4, 0, '2012-12-06 20:01:55', NULL),
(148, 14, 1, 0, '2012-12-06 21:00:54', NULL),
(149, 31, 4, 0, '2012-12-06 21:00:54', NULL),
(150, 15, 2, 0, '2012-12-06 21:00:56', NULL),
(151, 16, 6, 0, '2012-12-06 21:00:56', NULL),
(152, 35, 1, 0, '2012-12-06 21:00:56', NULL),
(153, 17, 1, 0, '2012-12-06 21:00:57', NULL),
(154, 32, 0, 0, '2012-12-06 21:00:57', NULL),
(155, 25, 2, 0, '2012-12-06 21:01:06', NULL),
(156, 27, 6, 0, '2012-12-06 21:01:06', NULL),
(157, 29, 1, 0, '2012-12-06 21:01:07', NULL),
(158, 26, 3, 0, '2012-12-06 21:01:13', NULL),
(159, 28, 9, 0, '2012-12-06 21:01:14', NULL),
(160, 30, 2, 0, '2012-12-06 21:01:15', NULL),
(161, 33, 2, 0, '2012-12-06 21:01:23', NULL),
(162, 34, 4, 0, '2012-12-06 21:01:33', NULL),
(163, 14, 1, 0, '2012-12-07 00:01:31', NULL),
(164, 31, 4, 0, '2012-12-07 00:01:32', NULL),
(165, 15, 2, 0, '2012-12-07 00:01:35', NULL),
(166, 16, 6, 0, '2012-12-07 00:01:35', NULL),
(167, 35, 1, 0, '2012-12-07 00:01:36', NULL),
(168, 17, 1, 0, '2012-12-07 00:01:36', NULL),
(169, 32, 0, 0, '2012-12-07 00:01:36', NULL),
(170, 25, 2, 0, '2012-12-07 00:01:42', NULL),
(171, 27, 6, 0, '2012-12-07 00:01:43', NULL),
(172, 29, 1, 0, '2012-12-07 00:01:43', NULL),
(173, 26, 3, 0, '2012-12-07 00:01:48', NULL),
(174, 28, 9, 0, '2012-12-07 00:01:49', NULL),
(175, 30, 2, 0, '2012-12-07 00:01:50', NULL),
(176, 33, 1, 0, '2012-12-07 00:02:01', NULL),
(177, 34, 4, 0, '2012-12-07 00:02:09', NULL),
(178, 14, 1, 0, '2012-12-07 01:00:55', NULL),
(179, 31, 4, 0, '2012-12-07 01:00:55', NULL),
(180, 15, 2, 0, '2012-12-07 01:01:00', NULL),
(181, 16, 6, 0, '2012-12-07 01:01:00', NULL),
(182, 35, 1, 0, '2012-12-07 01:01:01', NULL),
(183, 17, 1, 0, '2012-12-07 01:01:02', NULL),
(184, 32, 0, 0, '2012-12-07 01:01:02', NULL),
(185, 25, 2, 0, '2012-12-07 01:01:12', NULL),
(186, 27, 6, 0, '2012-12-07 01:01:14', NULL),
(187, 29, 1, 0, '2012-12-07 01:01:16', NULL),
(188, 26, 3, 0, '2012-12-07 01:01:21', NULL),
(189, 28, 9, 0, '2012-12-07 01:01:22', NULL),
(190, 30, 2, 0, '2012-12-07 01:01:22', NULL),
(191, 33, 1, 0, '2012-12-07 01:01:30', NULL),
(192, 34, 4, 0, '2012-12-07 01:01:39', NULL),
(193, 14, 1, 0, '2012-12-07 02:01:37', NULL),
(194, 31, 4, 0, '2012-12-07 02:01:37', NULL),
(195, 15, 2, 0, '2012-12-07 02:01:41', NULL),
(196, 16, 6, 0, '2012-12-07 02:01:41', NULL),
(197, 35, 1, 0, '2012-12-07 02:01:42', NULL),
(198, 17, 1, 0, '2012-12-07 02:01:43', NULL),
(199, 32, 0, 0, '2012-12-07 02:01:43', NULL),
(200, 25, 2, 0, '2012-12-07 02:01:48', NULL),
(201, 27, 6, 0, '2012-12-07 02:01:49', NULL),
(202, 29, 1, 0, '2012-12-07 02:01:51', NULL),
(203, 26, 3, 0, '2012-12-07 02:01:59', NULL),
(204, 28, 9, 0, '2012-12-07 02:01:59', NULL),
(205, 30, 2, 0, '2012-12-07 02:02:00', NULL),
(206, 33, 1, 0, '2012-12-07 02:02:10', NULL),
(207, 34, 4, 0, '2012-12-07 02:02:16', NULL),
(208, 14, 1, 0, '2012-12-07 03:00:57', NULL),
(209, 31, 4, 0, '2012-12-07 03:00:58', NULL),
(210, 15, 2, 0, '2012-12-07 03:01:02', NULL),
(211, 16, 6, 0, '2012-12-07 03:01:03', NULL),
(212, 35, 1, 0, '2012-12-07 03:01:04', NULL),
(213, 17, 1, 0, '2012-12-07 03:01:05', NULL),
(214, 32, 0, 0, '2012-12-07 03:01:05', NULL),
(215, 25, 2, 0, '2012-12-07 03:01:10', NULL),
(216, 27, 6, 0, '2012-12-07 03:01:11', NULL),
(217, 29, 1, 0, '2012-12-07 03:01:11', NULL),
(218, 26, 3, 0, '2012-12-07 03:01:18', NULL),
(219, 28, 9, 0, '2012-12-07 03:01:19', NULL),
(220, 30, 2, 0, '2012-12-07 03:01:19', NULL),
(221, 33, 1, 0, '2012-12-07 03:01:28', NULL),
(222, 34, 4, 0, '2012-12-07 03:01:37', NULL),
(223, 14, 1, 0, '2012-12-07 04:01:29', NULL),
(224, 31, 4, 0, '2012-12-07 04:01:29', NULL),
(225, 15, 2, 0, '2012-12-07 04:01:33', NULL),
(226, 16, 6, 0, '2012-12-07 04:01:34', NULL),
(227, 35, 1, 0, '2012-12-07 04:01:34', NULL),
(228, 17, 1, 0, '2012-12-07 04:01:34', NULL),
(229, 32, 0, 0, '2012-12-07 04:01:35', NULL),
(230, 25, 2, 0, '2012-12-07 04:01:39', NULL),
(231, 27, 6, 0, '2012-12-07 04:01:41', NULL),
(232, 29, 1, 0, '2012-12-07 04:01:41', NULL),
(233, 26, 3, 0, '2012-12-07 04:01:45', NULL),
(234, 28, 9, 0, '2012-12-07 04:01:46', NULL),
(235, 30, 2, 0, '2012-12-07 04:01:46', NULL),
(236, 33, 1, 0, '2012-12-07 04:01:55', NULL),
(237, 34, 4, 0, '2012-12-07 04:02:08', NULL),
(238, 14, 1, 0, '2012-12-07 05:00:57', NULL),
(239, 31, 4, 0, '2012-12-07 05:00:58', NULL),
(240, 15, 2, 0, '2012-12-07 05:01:01', NULL),
(241, 16, 6, 0, '2012-12-07 05:01:01', NULL),
(242, 35, 1, 0, '2012-12-07 05:01:02', NULL),
(243, 17, 1, 0, '2012-12-07 05:01:03', NULL),
(244, 32, 0, 0, '2012-12-07 05:01:03', NULL),
(245, 25, 2, 0, '2012-12-07 05:01:08', NULL),
(246, 27, 6, 0, '2012-12-07 05:01:09', NULL),
(247, 29, 1, 0, '2012-12-07 05:01:10', NULL),
(248, 26, 3, 0, '2012-12-07 05:01:15', NULL),
(249, 28, 9, 0, '2012-12-07 05:01:16', NULL),
(250, 30, 2, 0, '2012-12-07 05:01:16', NULL),
(251, 33, 1, 0, '2012-12-07 05:01:25', NULL),
(252, 34, 4, 0, '2012-12-07 05:01:37', NULL),
(253, 14, 1, 0, '2012-12-07 06:01:13', NULL),
(254, 31, 4, 0, '2012-12-07 06:01:14', NULL),
(255, 15, 2, 0, '2012-12-07 06:01:17', NULL),
(256, 16, 6, 0, '2012-12-07 06:01:17', NULL),
(257, 35, 1, 0, '2012-12-07 06:01:17', NULL),
(258, 17, 1, 0, '2012-12-07 06:01:18', NULL),
(259, 32, 0, 0, '2012-12-07 06:01:18', NULL),
(260, 25, 2, 0, '2012-12-07 06:01:27', NULL),
(261, 27, 6, 0, '2012-12-07 06:01:28', NULL),
(262, 29, 1, 0, '2012-12-07 06:01:29', NULL),
(263, 26, 3, 0, '2012-12-07 06:01:34', NULL),
(264, 28, 9, 0, '2012-12-07 06:01:34', NULL),
(265, 30, 2, 0, '2012-12-07 06:01:35', NULL),
(266, 33, 1, 0, '2012-12-07 06:01:45', NULL),
(267, 34, 4, 0, '2012-12-07 06:01:56', NULL),
(268, 14, 1, 0, '2012-12-07 07:01:40', NULL),
(269, 31, 4, 0, '2012-12-07 07:01:40', NULL),
(270, 15, 2, 0, '2012-12-07 07:01:43', NULL),
(271, 16, 6, 0, '2012-12-07 07:01:44', NULL),
(272, 35, 1, 0, '2012-12-07 07:01:44', NULL),
(273, 17, 1, 0, '2012-12-07 07:01:45', NULL),
(274, 32, 0, 0, '2012-12-07 07:01:45', NULL),
(275, 25, 2, 0, '2012-12-07 07:01:53', NULL),
(276, 27, 6, 0, '2012-12-07 07:01:55', NULL),
(277, 29, 1, 0, '2012-12-07 07:01:55', NULL),
(278, 26, 3, 0, '2012-12-07 07:02:02', NULL),
(279, 28, 9, 0, '2012-12-07 07:02:03', NULL),
(280, 30, 2, 0, '2012-12-07 07:02:03', NULL),
(281, 33, 1, 0, '2012-12-07 07:02:14', NULL),
(282, 34, 4, 0, '2012-12-07 07:02:26', NULL),
(283, 14, 1, 0, '2012-12-07 08:01:40', NULL),
(284, 31, 4, 0, '2012-12-07 08:01:40', NULL),
(285, 15, 2, 0, '2012-12-07 08:01:44', NULL),
(286, 16, 6, 0, '2012-12-07 08:01:45', NULL),
(287, 35, 1, 0, '2012-12-07 08:01:45', NULL),
(288, 17, 1, 0, '2012-12-07 08:01:45', NULL),
(289, 32, 0, 0, '2012-12-07 08:01:45', NULL),
(290, 25, 2, 0, '2012-12-07 08:01:51', NULL),
(291, 27, 6, 0, '2012-12-07 08:01:52', NULL),
(292, 29, 1, 0, '2012-12-07 08:01:52', NULL),
(293, 26, 3, 0, '2012-12-07 08:01:58', NULL),
(294, 28, 9, 0, '2012-12-07 08:01:58', NULL),
(295, 30, 2, 0, '2012-12-07 08:01:58', NULL),
(296, 33, 1, 0, '2012-12-07 08:02:10', NULL),
(297, 34, 4, 0, '2012-12-07 08:02:20', NULL),
(298, 14, 1, 0, '2012-12-07 09:00:56', NULL),
(299, 31, 4, 0, '2012-12-07 09:00:56', NULL),
(300, 15, 2, 0, '2012-12-07 09:00:59', NULL),
(301, 16, 6, 0, '2012-12-07 09:00:59', NULL),
(302, 35, 1, 0, '2012-12-07 09:00:59', NULL),
(303, 17, 1, 0, '2012-12-07 09:01:00', NULL),
(304, 32, 0, 0, '2012-12-07 09:01:00', NULL),
(305, 25, 2, 0, '2012-12-07 09:01:07', NULL),
(306, 27, 6, 0, '2012-12-07 09:01:07', NULL),
(307, 29, 1, 0, '2012-12-07 09:01:08', NULL),
(308, 26, 3, 0, '2012-12-07 09:01:11', NULL),
(309, 28, 9, 0, '2012-12-07 09:01:12', NULL),
(310, 30, 2, 0, '2012-12-07 09:01:12', NULL),
(311, 33, 1, 0, '2012-12-07 09:01:22', NULL),
(312, 34, 4, 0, '2012-12-07 09:01:31', NULL),
(313, 14, 1, 0, '2012-12-07 10:01:25', NULL),
(314, 31, 4, 0, '2012-12-07 10:01:25', NULL),
(315, 15, 2, 0, '2012-12-07 10:01:28', NULL),
(316, 16, 6, 0, '2012-12-07 10:01:29', NULL),
(317, 35, 1, 0, '2012-12-07 10:01:29', NULL),
(318, 17, 1, 0, '2012-12-07 10:01:30', NULL),
(319, 32, 0, 0, '2012-12-07 10:01:30', NULL),
(320, 25, 2, 0, '2012-12-07 10:01:37', NULL),
(321, 27, 6, 0, '2012-12-07 10:01:39', NULL),
(322, 29, 1, 0, '2012-12-07 10:01:39', NULL),
(323, 26, 3, 0, '2012-12-07 10:01:48', NULL),
(324, 28, 9, 0, '2012-12-07 10:01:50', NULL),
(325, 30, 2, 0, '2012-12-07 10:01:50', NULL),
(326, 33, 1, 0, '2012-12-07 10:02:01', NULL),
(327, 34, 4, 0, '2012-12-07 10:02:11', NULL),
(328, 14, 1, 0, '2012-12-07 11:00:59', NULL),
(329, 31, 4, 0, '2012-12-07 11:00:59', NULL),
(330, 15, 2, 0, '2012-12-07 11:01:05', NULL),
(331, 16, 6, 0, '2012-12-07 11:01:06', NULL),
(332, 35, 1, 0, '2012-12-07 11:01:06', NULL),
(333, 17, 1, 0, '2012-12-07 11:01:06', NULL),
(334, 32, 0, 0, '2012-12-07 11:01:06', NULL),
(335, 25, 2, 0, '2012-12-07 11:01:15', NULL),
(336, 27, 6, 0, '2012-12-07 11:01:15', NULL),
(337, 29, 1, 0, '2012-12-07 11:01:15', NULL),
(338, 26, 3, 0, '2012-12-07 11:01:21', NULL),
(339, 28, 9, 0, '2012-12-07 11:01:22', NULL),
(340, 30, 2, 0, '2012-12-07 11:01:22', NULL),
(341, 33, 1, 0, '2012-12-07 11:01:28', NULL),
(342, 34, 4, 0, '2012-12-07 11:01:40', NULL),
(343, 14, 1, 0, '2012-12-07 12:01:17', NULL),
(344, 31, 4, 0, '2012-12-07 12:01:17', NULL),
(345, 15, 2, 0, '2012-12-07 12:01:20', NULL),
(346, 16, 6, 0, '2012-12-07 12:01:20', NULL),
(347, 35, 1, 0, '2012-12-07 12:01:20', NULL),
(348, 17, 1, 0, '2012-12-07 12:01:21', NULL),
(349, 32, 0, 0, '2012-12-07 12:01:21', NULL),
(350, 25, 2, 0, '2012-12-07 12:01:28', NULL),
(351, 27, 6, 0, '2012-12-07 12:01:28', NULL),
(352, 29, 1, 0, '2012-12-07 12:01:28', NULL),
(353, 26, 3, 0, '2012-12-07 12:01:34', NULL),
(354, 28, 9, 0, '2012-12-07 12:01:34', NULL),
(355, 30, 2, 0, '2012-12-07 12:01:34', NULL),
(356, 33, 1, 0, '2012-12-07 12:01:40', NULL),
(357, 34, 4, 0, '2012-12-07 12:01:48', NULL),
(358, 14, 1, 0, '2012-12-07 13:00:46', NULL),
(359, 31, 4, 0, '2012-12-07 13:00:46', NULL),
(360, 15, 2, 0, '2012-12-07 13:00:49', NULL),
(361, 16, 6, 0, '2012-12-07 13:00:50', NULL),
(362, 35, 1, 0, '2012-12-07 13:00:51', NULL),
(363, 17, 1, 0, '2012-12-07 13:00:51', NULL),
(364, 32, 0, 0, '2012-12-07 13:00:51', NULL),
(365, 25, 2, 0, '2012-12-07 13:00:56', NULL),
(366, 27, 6, 0, '2012-12-07 13:00:57', NULL),
(367, 29, 1, 0, '2012-12-07 13:00:57', NULL),
(368, 26, 3, 0, '2012-12-07 13:01:06', NULL),
(369, 28, 9, 0, '2012-12-07 13:01:07', NULL),
(370, 30, 2, 0, '2012-12-07 13:01:08', NULL),
(371, 33, 1, 0, '2012-12-07 13:01:15', NULL),
(372, 34, 4, 0, '2012-12-07 13:01:24', NULL),
(373, 14, 1, 0, '2012-12-07 14:01:32', NULL),
(374, 31, 4, 0, '2012-12-07 14:01:32', NULL),
(375, 15, 2, 0, '2012-12-07 14:01:34', NULL),
(376, 16, 6, 0, '2012-12-07 14:01:35', NULL),
(377, 35, 1, 0, '2012-12-07 14:01:35', NULL),
(378, 17, 1, 0, '2012-12-07 14:01:36', NULL),
(379, 32, 0, 0, '2012-12-07 14:01:36', NULL),
(380, 25, 2, 0, '2012-12-07 14:01:44', NULL),
(381, 27, 6, 0, '2012-12-07 14:01:45', NULL),
(382, 29, 1, 0, '2012-12-07 14:01:45', NULL),
(383, 26, 3, 0, '2012-12-07 14:01:54', NULL),
(384, 28, 9, 0, '2012-12-07 14:01:55', NULL),
(385, 30, 2, 0, '2012-12-07 14:01:55', NULL),
(386, 33, 1, 0, '2012-12-07 14:02:05', NULL),
(387, 34, 4, 0, '2012-12-07 14:02:12', NULL),
(388, 14, 1, 0, '2012-12-07 15:00:52', NULL),
(389, 31, 4, 0, '2012-12-07 15:00:52', NULL),
(390, 15, 2, 0, '2012-12-07 15:00:55', NULL),
(391, 16, 6, 0, '2012-12-07 15:00:56', NULL),
(392, 35, 1, 0, '2012-12-07 15:00:56', NULL),
(393, 17, 1, 0, '2012-12-07 15:00:56', NULL),
(394, 32, 0, 0, '2012-12-07 15:00:57', NULL),
(395, 25, 2, 0, '2012-12-07 15:01:02', NULL),
(396, 27, 6, 0, '2012-12-07 15:01:02', NULL),
(397, 29, 1, 0, '2012-12-07 15:01:03', NULL),
(398, 26, 3, 0, '2012-12-07 15:01:09', NULL),
(399, 28, 9, 0, '2012-12-07 15:01:09', NULL),
(400, 30, 2, 0, '2012-12-07 15:01:10', NULL),
(401, 33, 1, 0, '2012-12-07 15:01:19', NULL),
(402, 34, 4, 0, '2012-12-07 15:01:28', NULL),
(403, 14, 1, 0, '2012-12-07 16:01:11', NULL),
(404, 31, 4, 0, '2012-12-07 16:01:11', NULL),
(405, 15, 2, 0, '2012-12-07 16:01:15', NULL),
(406, 16, 6, 0, '2012-12-07 16:01:15', NULL),
(407, 35, 1, 0, '2012-12-07 16:01:15', NULL),
(408, 17, 1, 0, '2012-12-07 16:01:15', NULL),
(409, 32, 0, 0, '2012-12-07 16:01:15', NULL),
(410, 25, 2, 0, '2012-12-07 16:01:20', NULL),
(411, 27, 6, 0, '2012-12-07 16:01:20', NULL),
(412, 29, 1, 0, '2012-12-07 16:01:20', NULL),
(413, 26, 3, 0, '2012-12-07 16:01:24', NULL),
(414, 28, 9, 0, '2012-12-07 16:01:24', NULL),
(415, 30, 2, 0, '2012-12-07 16:01:24', NULL),
(416, 33, 1, 0, '2012-12-07 16:01:34', NULL),
(417, 34, 4, 0, '2012-12-07 16:01:43', NULL),
(418, 14, 1, 0, '2012-12-07 17:01:06', NULL),
(419, 31, 4, 0, '2012-12-07 17:01:06', NULL),
(420, 15, 2, 0, '2012-12-07 17:01:09', NULL),
(421, 16, 6, 0, '2012-12-07 17:01:10', NULL),
(422, 35, 1, 0, '2012-12-07 17:01:11', NULL),
(423, 17, 1, 0, '2012-12-07 17:01:11', NULL),
(424, 32, 0, 0, '2012-12-07 17:01:11', NULL),
(425, 25, 2, 0, '2012-12-07 17:01:18', NULL),
(426, 27, 6, 0, '2012-12-07 17:01:19', NULL),
(427, 29, 1, 0, '2012-12-07 17:01:19', NULL),
(428, 26, 3, 0, '2012-12-07 17:01:23', NULL),
(429, 28, 9, 0, '2012-12-07 17:01:24', NULL),
(430, 30, 2, 0, '2012-12-07 17:01:24', NULL),
(431, 33, 1, 0, '2012-12-07 17:01:37', NULL),
(432, 34, 4, 0, '2012-12-07 17:01:48', NULL),
(433, 14, 1, 0, '2012-12-07 18:01:02', NULL),
(434, 31, 4, 0, '2012-12-07 18:01:02', NULL),
(435, 15, 2, 0, '2012-12-07 18:01:05', NULL),
(436, 16, 6, 0, '2012-12-07 18:01:05', NULL),
(437, 35, 1, 0, '2012-12-07 18:01:05', NULL),
(438, 17, 1, 0, '2012-12-07 18:01:06', NULL),
(439, 32, 0, 0, '2012-12-07 18:01:06', NULL),
(440, 25, 2, 0, '2012-12-07 18:01:10', NULL),
(441, 27, 6, 0, '2012-12-07 18:01:10', NULL),
(442, 29, 1, 0, '2012-12-07 18:01:10', NULL),
(443, 26, 3, 0, '2012-12-07 18:01:14', NULL),
(444, 28, 9, 0, '2012-12-07 18:01:14', NULL),
(445, 30, 2, 0, '2012-12-07 18:01:14', NULL),
(446, 33, 1, 0, '2012-12-07 18:01:22', NULL),
(447, 34, 4, 0, '2012-12-07 18:01:31', NULL),
(448, 14, 1, 0, '2012-12-07 19:01:26', NULL),
(449, 31, 4, 0, '2012-12-07 19:01:26', NULL),
(450, 15, 2, 0, '2012-12-07 19:01:32', NULL),
(451, 16, 6, 0, '2012-12-07 19:01:33', NULL),
(452, 35, 1, 0, '2012-12-07 19:01:33', NULL),
(453, 17, 1, 0, '2012-12-07 19:01:33', NULL),
(454, 32, 0, 0, '2012-12-07 19:01:34', NULL),
(455, 25, 2, 0, '2012-12-07 19:01:40', NULL),
(456, 27, 6, 0, '2012-12-07 19:01:40', NULL),
(457, 29, 1, 0, '2012-12-07 19:01:41', NULL),
(458, 26, 3, 0, '2012-12-07 19:01:45', NULL),
(459, 28, 9, 0, '2012-12-07 19:01:46', NULL),
(460, 30, 2, 0, '2012-12-07 19:01:46', NULL),
(461, 33, 1, 0, '2012-12-07 19:01:54', NULL),
(462, 34, 4, 0, '2012-12-07 19:02:06', NULL),
(463, 14, 1, 0, '2012-12-07 20:00:39', NULL),
(464, 31, 4, 0, '2012-12-07 20:00:39', NULL),
(465, 15, 2, 0, '2012-12-07 20:00:45', NULL),
(466, 16, 6, 0, '2012-12-07 20:00:46', NULL),
(467, 35, 1, 0, '2012-12-07 20:00:46', NULL),
(468, 17, 1, 0, '2012-12-07 20:00:46', NULL),
(469, 32, 0, 0, '2012-12-07 20:00:46', NULL),
(470, 25, 2, 0, '2012-12-07 20:00:51', NULL),
(471, 27, 6, 0, '2012-12-07 20:00:51', NULL),
(472, 29, 1, 0, '2012-12-07 20:00:51', NULL),
(473, 26, 3, 0, '2012-12-07 20:00:57', NULL),
(474, 28, 9, 0, '2012-12-07 20:00:57', NULL),
(475, 30, 2, 0, '2012-12-07 20:00:59', NULL),
(476, 33, 1, 0, '2012-12-07 20:01:09', NULL),
(477, 34, 4, 0, '2012-12-07 20:01:18', NULL),
(478, 14, 1, 0, '2012-12-07 21:01:09', NULL),
(479, 31, 4, 0, '2012-12-07 21:01:10', NULL),
(480, 15, 2, 0, '2012-12-07 21:01:12', NULL),
(481, 16, 6, 0, '2012-12-07 21:01:12', NULL),
(482, 35, 1, 0, '2012-12-07 21:01:12', NULL),
(483, 17, 1, 0, '2012-12-07 21:01:13', NULL),
(484, 32, 0, 0, '2012-12-07 21:01:13', NULL),
(485, 25, 2, 0, '2012-12-07 21:01:18', NULL),
(486, 27, 6, 0, '2012-12-07 21:01:18', NULL),
(487, 29, 1, 0, '2012-12-07 21:01:19', NULL),
(488, 26, 3, 0, '2012-12-07 21:01:22', NULL),
(489, 28, 9, 0, '2012-12-07 21:01:22', NULL),
(490, 30, 2, 0, '2012-12-07 21:01:23', NULL),
(491, 33, 1, 0, '2012-12-07 21:01:32', NULL),
(492, 34, 4, 0, '2012-12-07 21:01:40', NULL),
(493, 14, 1, 0, '2012-12-07 22:01:32', NULL),
(494, 31, 4, 0, '2012-12-07 22:01:32', NULL),
(495, 15, 2, 0, '2012-12-07 22:01:36', NULL),
(496, 16, 6, 0, '2012-12-07 22:01:36', NULL),
(497, 35, 1, 0, '2012-12-07 22:01:36', NULL),
(498, 17, 1, 0, '2012-12-07 22:01:36', NULL),
(499, 32, 0, 0, '2012-12-07 22:01:36', NULL),
(500, 25, 2, 0, '2012-12-07 22:01:43', NULL),
(501, 27, 7, 0, '2012-12-07 22:01:43', NULL),
(502, 29, 1, 0, '2012-12-07 22:01:43', NULL),
(503, 26, 3, 0, '2012-12-07 22:01:50', NULL),
(504, 28, 9, 0, '2012-12-07 22:01:50', NULL),
(505, 30, 2, 0, '2012-12-07 22:01:50', NULL),
(506, 33, 1, 0, '2012-12-07 22:02:01', NULL),
(507, 34, 4, 0, '2012-12-07 22:02:10', NULL);

-- --------------------------------------------------------

--
-- Table structure for table `category_code`
--

CREATE TABLE IF NOT EXISTS `category_code` (
  `category_id` int(11) NOT NULL AUTO_INCREMENT,
  `rss_enable` smallint(2) unsigned NOT NULL DEFAULT '0',
  `category_name` varchar(255) DEFAULT NULL,
  `category_number` int(10) unsigned NOT NULL DEFAULT '0',
  `sg_name` varchar(100) DEFAULT NULL,
  `us_name` varchar(100) DEFAULT NULL,
  `my_name` varchar(100) DEFAULT NULL,
  `th_name` varchar(100) DEFAULT NULL,
  `in_name` varchar(100) DEFAULT NULL,
  `kr_name` varchar(100) DEFAULT NULL,
  `za_name` varchar(100) DEFAULT NULL,
  `cn_name` varchar(100) DEFAULT NULL,
  `nz_name` varchar(100) DEFAULT NULL,
  `vn_name` varchar(100) DEFAULT NULL,
  `au_name` varchar(100) DEFAULT NULL,
  `ph_name` varchar(100) DEFAULT NULL,
  `tw_name` varchar(100) DEFAULT NULL,
  `id_name` varchar(100) DEFAULT NULL,
  `hk_name` varchar(100) DEFAULT NULL,
  `ca_name` varchar(100) DEFAULT NULL,
  `jp_name` varchar(100) DEFAULT NULL,
  PRIMARY KEY (`category_id`)
) ENGINE=InnoDB  DEFAULT CHARSET=utf8;

--
-- Dumping data for table `category_code`
--

INSERT INTO `category_code` (`category_id`, `rss_enable`, `category_name`, `category_number`, `sg_name`, `us_name`, `my_name`, `th_name`, `in_name`, `kr_name`, `za_name`, `cn_name`, `nz_name`, `vn_name`, `au_name`, `ph_name`, `tw_name`, `id_name`, `hk_name`, `ca_name`, `jp_name`) VALUES
(9, 1, 'ゲーム', 6014, NULL, NULL, NULL, NULL, NULL, NULL, NULL, NULL, NULL, NULL, NULL, NULL, NULL, NULL, NULL, NULL, NULL),
(10, 1, 'ソーシャルネットワーキング', 6005, NULL, NULL, NULL, NULL, NULL, NULL, NULL, NULL, NULL, NULL, NULL, NULL, NULL, NULL, NULL, NULL, NULL),
(11, 0, 'スポーツ', 7016, NULL, NULL, NULL, NULL, NULL, NULL, NULL, NULL, NULL, NULL, NULL, NULL, NULL, NULL, NULL, NULL, NULL),
(12, 0, 'アクション', 7001, NULL, NULL, NULL, NULL, NULL, NULL, NULL, NULL, NULL, NULL, NULL, NULL, NULL, NULL, NULL, NULL, NULL),
(13, 0, 'アドベンチャー', 7002, NULL, NULL, NULL, NULL, NULL, NULL, NULL, NULL, NULL, NULL, NULL, NULL, NULL, NULL, NULL, NULL, NULL),
(14, 0, 'ロールプレイング', 7014, NULL, NULL, NULL, NULL, NULL, NULL, NULL, NULL, NULL, NULL, NULL, NULL, NULL, NULL, NULL, NULL, NULL),
(15, 1, 'ユーティリティ', 6002, NULL, NULL, NULL, NULL, NULL, NULL, NULL, NULL, NULL, NULL, NULL, NULL, NULL, NULL, NULL, NULL, NULL),
(16, 0, 'アーケード', 7003, NULL, NULL, NULL, NULL, NULL, NULL, NULL, NULL, NULL, NULL, NULL, NULL, NULL, NULL, NULL, NULL, NULL),
(17, 1, 'エンターテインメント', 6016, NULL, NULL, NULL, NULL, NULL, NULL, NULL, NULL, NULL, NULL, NULL, NULL, NULL, NULL, NULL, NULL, NULL);

-- --------------------------------------------------------

--
-- Table structure for table `country_code`
--

CREATE TABLE IF NOT EXISTS `country_code` (
  `country_id` smallint(5) unsigned NOT NULL AUTO_INCREMENT,
  `country_code` varchar(2) NOT NULL,
  `country_name` varchar(255) NOT NULL,
  `proxy_status` tinyint(3) NOT NULL,
  `ip_address` varchar(255) DEFAULT NULL,
  `port` smallint(5) unsigned DEFAULT '0',
  `insert_date` datetime DEFAULT NULL,
  `update_date` datetime DEFAULT NULL,
  `delete_date` datetime DEFAULT NULL,
  `delete_flag` tinyint(3) unsigned NOT NULL DEFAULT '0',
  PRIMARY KEY (`country_id`),
  KEY `index` (`country_code`)
) ENGINE=InnoDB  DEFAULT CHARSET=utf8;

--
-- Dumping data for table `country_code`
--

INSERT INTO `country_code` (`country_id`, `country_code`, `country_name`, `proxy_status`, `ip_address`, `port`, `insert_date`, `update_date`, `delete_date`, `delete_flag`) VALUES
(1, 'SG', 'シンガポール', 0, '180.210.201.160', 60099, '2012-11-14 12:00:00', '2012-12-03 16:19:34', '0000-00-00 00:00:00', 0),
(2, 'US', 'アメリカ', 0, '173.208.77.60', 60099, '2012-11-14 12:00:00', '2012-12-03 16:19:34', '0000-00-00 00:00:00', 0),
(9, 'NZ', 'ニュージーランド', 0, '116.90.134.27', 60099, '2012-11-14 12:00:00', '2012-12-03 16:19:34', '0000-00-00 00:00:00', 0),
(11, 'AU', 'オーストラリア', 1, '103.11.52.221', 60099, '2012-11-14 12:00:00', '2012-12-03 16:19:34', '0000-00-00 00:00:00', 0),
(12, 'PH', 'フィリピン', 0, '202.90.252.107', 60099, '2012-11-14 12:00:00', '2012-12-03 16:19:34', '0000-00-00 00:00:00', 0),
(16, 'CA', 'カナダ', 0, '66.209.189.5', 60099, '2012-11-14 12:00:00', '2012-12-03 16:19:34', '0000-00-00 00:00:00', 0),
(17, 'JP', '日本', 0, NULL, 0, NULL, NULL, NULL, 0);

-- --------------------------------------------------------

--
-- Table structure for table `datetime_save`
--

CREATE TABLE IF NOT EXISTS `datetime_save` (
  `normal_datetime` datetime NOT NULL,
  `file_name_datetime` varchar(100) NOT NULL,
  `status` tinyint(3) unsigned NOT NULL DEFAULT '0' COMMENT '0:Dafult 1:Use 2:End',
  `now_seq_no` tinyint(3) unsigned NOT NULL DEFAULT '0',
  PRIMARY KEY (`normal_datetime`),
  KEY `status` (`status`)
) ENGINE=InnoDB DEFAULT CHARSET=utf8;

--
-- Dumping data for table `datetime_save`
--

INSERT INTO `datetime_save` (`normal_datetime`, `file_name_datetime`, `status`, `now_seq_no`) VALUES
('2012-12-03 16:19:34', '2012-12-03_16-19-34', 2, 6);

-- --------------------------------------------------------

--
-- Table structure for table `groups`
--

CREATE TABLE IF NOT EXISTS `groups` (
  `id` mediumint(8) unsigned NOT NULL AUTO_INCREMENT,
  `name` varchar(20) NOT NULL,
  `description` varchar(100) NOT NULL,
  PRIMARY KEY (`id`)
) ENGINE=InnoDB DEFAULT CHARSET=utf8;

-- --------------------------------------------------------

--
-- Table structure for table `installation`
--

CREATE TABLE IF NOT EXISTS `installation` (
  `id` int(11) NOT NULL AUTO_INCREMENT,
  `package_id` varchar(255) DEFAULT NULL,
  `utm_campaign` varchar(255) DEFAULT NULL,
  `utm_soruce` varchar(255) DEFAULT NULL,
  `utm_medium` varchar(255) DEFAULT NULL,
  `utm_term` varchar(255) DEFAULT NULL,
  `utm_content` varchar(255) DEFAULT NULL,
  `version_code` int(11) DEFAULT NULL,
  `version_name` varchar(10) DEFAULT NULL,
  `device_model` varchar(20) DEFAULT NULL,
  `device_product` varchar(20) DEFAULT NULL,
  `device_manufaturer` varchar(20) DEFAULT NULL,
  `device_ip` varchar(20) DEFAULT NULL,
  `country_code` varchar(2) DEFAULT NULL,
  `os_version` varchar(10) DEFAULT NULL,
  `received_date` datetime DEFAULT NULL,
  `app_id` int(10) NOT NULL,
  PRIMARY KEY (`id`),
  KEY `index` (`country_code`)
) ENGINE=InnoDB DEFAULT CHARSET=utf8;

-- --------------------------------------------------------

--
-- Table structure for table `keyword`
--

CREATE TABLE IF NOT EXISTS `keyword` (
  `id` bigint(20) NOT NULL AUTO_INCREMENT,
  `keyword_id` int(10) unsigned NOT NULL DEFAULT '0',
  `install_count` int(10) unsigned NOT NULL DEFAULT '0',
  `keyword_rank` int(10) unsigned NOT NULL DEFAULT '0',
  `insert_date` datetime NOT NULL,
  `update_date` datetime DEFAULT NULL,
  `delete_date` datetime DEFAULT NULL,
  `delete_flag` tinyint(3) unsigned NOT NULL DEFAULT '0',
  `seq_no` tinyint(4) NOT NULL,
  PRIMARY KEY (`id`,`insert_date`),
  KEY `keyword_code` (`keyword_id`)
) ENGINE=InnoDB DEFAULT CHARSET=utf8
/*!50100 PARTITION BY RANGE (TO_DAYS(insert_date))
(PARTITION p201301 VALUES LESS THAN (735568) ENGINE = InnoDB,
 PARTITION p201402 VALUES LESS THAN (735933) ENGINE = InnoDB,
 PARTITION p201503 VALUES LESS THAN (736298) ENGINE = InnoDB,
 PARTITION p201604 VALUES LESS THAN (736664) ENGINE = InnoDB,
 PARTITION p201705 VALUES LESS THAN (737029) ENGINE = InnoDB,
 PARTITION p201806 VALUES LESS THAN (737394) ENGINE = InnoDB,
 PARTITION p201907 VALUES LESS THAN (737759) ENGINE = InnoDB,
 PARTITION p202008 VALUES LESS THAN (738125) ENGINE = InnoDB,
 PARTITION pmax VALUES LESS THAN MAXVALUE ENGINE = InnoDB) */;

-- --------------------------------------------------------

--
-- Table structure for table `keyword_app`
--

CREATE TABLE IF NOT EXISTS `keyword_app` (
  `id` int(11) NOT NULL AUTO_INCREMENT,
  `app_id` int(11) NOT NULL,
  `keyword_id` int(11) NOT NULL,
  PRIMARY KEY (`id`)
) ENGINE=InnoDB  DEFAULT CHARSET=utf8;

--
-- Dumping data for table `keyword_app`
--

INSERT INTO `keyword_app` (`id`, `app_id`, `keyword_id`) VALUES
(14, 23, 3),
(15, 23, 4),
(16, 25, 4),
(17, 25, 5),
(25, 23, 6),
(26, 23, 15),
(27, 25, 6),
(28, 25, 15),
(29, 28, 6),
(30, 28, 15),
(31, 28, 3),
(32, 28, 5),
(33, 30, 16),
(34, 30, 17),
(35, 28, 4);

-- --------------------------------------------------------

--
-- Table structure for table `keyword_code`
--

CREATE TABLE IF NOT EXISTS `keyword_code` (
  `keyword_id` int(11) NOT NULL AUTO_INCREMENT,
  `keyword` varchar(255) NOT NULL,
  `keyword_specify_flag` tinyint(3) unsigned NOT NULL DEFAULT '0',
  `insert_date` datetime DEFAULT NULL,
  `update_date` datetime DEFAULT NULL,
  `delete_date` datetime DEFAULT NULL,
  `delete_flag` tinyint(3) unsigned NOT NULL DEFAULT '0',
  PRIMARY KEY (`keyword_id`),
  KEY `index` (`keyword_specify_flag`)
) ENGINE=InnoDB  DEFAULT CHARSET=utf8;

--
-- Dumping data for table `keyword_code`
--

INSERT INTO `keyword_code` (`keyword_id`, `keyword`, `keyword_specify_flag`, `insert_date`, `update_date`, `delete_date`, `delete_flag`) VALUES
(3, '釣りスタ', 0, '2012-12-04 00:00:00', '2012-12-05 00:00:00', NULL, 0),
(4, 'GREE(グリー)', 0, '2012-12-04 00:00:00', '2012-12-05 00:00:00', NULL, 0),
(5, '海賊王国コロンブス', 0, '2012-12-04 00:00:00', '2012-12-05 00:00:00', NULL, 0),
(6, 'GREE', 0, '2012-12-05 20:05:16', '2012-12-05 20:05:16', NULL, 0),
(15, 'グリー', 0, '2012-12-06 17:52:53', '2012-12-06 17:52:53', NULL, 0),
(16, 'Temple', 0, '2012-12-06 17:55:09', '2012-12-06 17:55:09', NULL, 0),
(17, 'Run', 0, '2012-12-06 17:55:19', '2012-12-06 17:55:19', NULL, 0);

-- --------------------------------------------------------

--
-- Table structure for table `login_attempts`
--

CREATE TABLE IF NOT EXISTS `login_attempts` (
  `id` mediumint(8) unsigned NOT NULL AUTO_INCREMENT,
  `ip_address` varbinary(16) NOT NULL,
  `login` varchar(100) NOT NULL,
  `time` int(11) unsigned DEFAULT NULL,
  PRIMARY KEY (`id`)
) ENGINE=InnoDB DEFAULT CHARSET=utf8;

-- --------------------------------------------------------

--
-- Table structure for table `users`
--

CREATE TABLE IF NOT EXISTS `users` (
  `id` mediumint(8) unsigned NOT NULL AUTO_INCREMENT,
  `ip_address` varbinary(16) NOT NULL,
  `username` varchar(100) NOT NULL,
  `password` varchar(80) NOT NULL,
  `salt` varchar(40) DEFAULT NULL,
  `email` varchar(100) NOT NULL,
  `activation_code` varchar(40) DEFAULT NULL,
  `forgotten_password_code` varchar(40) DEFAULT NULL,
  `forgotten_password_time` int(11) unsigned DEFAULT NULL,
  `remember_code` varchar(40) DEFAULT NULL,
  `created_on` int(11) unsigned NOT NULL,
  `last_login` int(11) unsigned DEFAULT NULL,
  `active` tinyint(1) unsigned DEFAULT NULL,
  `first_name` varchar(50) DEFAULT NULL,
  `last_name` varchar(50) DEFAULT NULL,
  `company` varchar(100) DEFAULT NULL,
  `phone` varchar(20) DEFAULT NULL,
  PRIMARY KEY (`id`)
) ENGINE=InnoDB  DEFAULT CHARSET=utf8;

--
-- Dumping data for table `users`
--

INSERT INTO `users` (`id`, `ip_address`, `username`, `password`, `salt`, `email`, `activation_code`, `forgotten_password_code`, `forgotten_password_time`, `remember_code`, `created_on`, `last_login`, `active`, `first_name`, `last_name`, `company`, `phone`) VALUES
(1, '\0\0\0\0\0\0\0\0\0\0\0\0\0\0\0', 'thang huy', '7be13b892c5450b1747719df3f637386bf9c6dfb', NULL, 'admin@admin.com', NULL, NULL, NULL, '837a4fb5b4480cc83b842d11c6d8d88be232d327', 1353475378, 1354508336, 1, 'thang', 'huy', 'hom', '--'),
(2, '', 'tuantd', '5b75fcd940deb3793ce67e1230c14502', NULL, '', NULL, NULL, NULL, NULL, 0, NULL, NULL, NULL, NULL, NULL, NULL);

-- --------------------------------------------------------

--
-- Table structure for table `users_groups`
--

CREATE TABLE IF NOT EXISTS `users_groups` (
  `id` mediumint(8) unsigned NOT NULL AUTO_INCREMENT,
  `user_id` mediumint(8) unsigned NOT NULL,
  `group_id` mediumint(8) unsigned NOT NULL,
  PRIMARY KEY (`id`)
) ENGINE=InnoDB  DEFAULT CHARSET=utf8;

--
-- Dumping data for table `users_groups`
--

INSERT INTO `users_groups` (`id`, `user_id`, `group_id`) VALUES
(1, 1, 0);

/*!40101 SET CHARACTER_SET_CLIENT=@OLD_CHARACTER_SET_CLIENT */;
/*!40101 SET CHARACTER_SET_RESULTS=@OLD_CHARACTER_SET_RESULTS */;
/*!40101 SET COLLATION_CONNECTION=@OLD_COLLATION_CONNECTION */;
